video_001,900,0.112,0.33,0.515,0.918,81,1
video_001,901,0.117,0.323,0.52,0.911,81,1
video_001,902,0.122,0.315,0.526,0.904,81,1
video_001,903,0.128,0.308,0.531,0.897,81,1
video_001,904,0.133,0.301,0.536,0.89,81,1
video_001,905,0.138,0.294,0.542,0.883,81,1
video_001,906,0.173,0.234,0.576,0.823,81,1
video_001,907,0.144,0.152,0.547,0.741,81,1
video_001,908,0.144,0.157,0.547,0.746,81,1
video_001,909,0.144,0.162,0.547,0.75,81,1
video_001,910,0.144,0.166,0.547,0.755,81,1
video_001,911,0.144,0.171,0.547,0.759,81,1
video_001,912,0.148,0.234,0.551,0.823,81,1
video_001,913,0.105,0.287,0.616,0.947,81,1
video_001,914,0.119,0.342,0.63,0.998,81,1
video_001,915,0.119,0.34,0.63,0.996,81,1
video_001,916,0.119,0.338,0.63,0.994,81,1
video_001,917,0.119,0.336,0.63,0.992,81,1
video_001,918,0.119,0.333,0.63,0.989,81,1
video_001,919,0.119,0.331,0.63,0.987,81,1
video_001,920,0.119,0.329,0.63,0.985,81,1
video_001,921,0.119,0.327,0.63,0.983,81,1
video_001,922,0.119,0.325,0.63,0.98,81,1
video_001,923,0.119,0.322,0.63,0.978,81,1
video_001,924,0.119,0.32,0.63,0.976,81,1
video_001,925,0.119,0.318,0.63,0.974,81,1
video_001,926,0.119,0.316,0.63,0.972,81,1
video_001,927,0.119,0.313,0.63,0.969,81,1
video_001,928,0.119,0.311,0.63,0.967,81,1
video_001,929,0.119,0.309,0.63,0.965,81,1
video_001,930,0.119,0.307,0.63,0.963,81,1
video_001,931,0.119,0.305,0.63,0.961,81,1
video_001,932,0.119,0.302,0.63,0.958,81,1
video_001,933,0.119,0.3,0.63,0.956,81,1
video_001,934,0.119,0.298,0.63,0.954,81,1
video_001,935,0.119,0.296,0.63,0.952,81,1
video_001,936,0.119,0.294,0.63,0.949,81,1
video_001,937,0.119,0.291,0.63,0.947,81,1
video_001,938,0.119,0.289,0.63,0.945,81,1
video_001,939,0.119,0.287,0.63,0.943,81,1
video_001,940,0.119,0.285,0.63,0.941,81,1
video_001,941,0.119,0.282,0.63,0.938,81,1
video_001,942,0.119,0.28,0.63,0.936,81,1
video_001,943,0.119,0.278,0.63,0.934,81,1
video_001,944,0.119,0.276,0.63,0.932,81,1
video_001,945,0.119,0.274,0.63,0.93,81,1
video_001,946,0.119,0.271,0.63,0.927,81,1
video_001,947,0.119,0.269,0.63,0.925,81,1
video_001,948,0.118,0.248,0.629,0.904,81,1
video_001,949,0.094,0.143,0.605,0.799,81,1
video_001,950,0.102,0.153,0.613,0.809,81,1
video_001,951,0.111,0.163,0.622,0.818,81,1
video_001,952,0.119,0.172,0.63,0.828,81,1
video_001,953,0.12,0.171,0.631,0.827,81,1
video_001,954,0.116,0.163,0.627,0.819,81,1
video_001,955,0.112,0.155,0.623,0.811,81,1
video_001,956,0.107,0.147,0.619,0.803,81,1
video_001,957,0.103,0.139,0.614,0.795,81,1
video_001,958,0.099,0.131,0.61,0.787,81,1
video_001,959,0.095,0.123,0.606,0.778,81,1
video_001,960,0.091,0.114,0.602,0.77,81,1
video_001,961,0.086,0.106,0.598,0.762,81,1
video_001,962,0.083,0.09,0.594,0.746,81,1
video_001,963,0.119,0.081,0.522,0.679,81,1
video_001,964,0.14,0.036,0.544,0.634,81,1
video_001,965,0.148,0.028,0.551,0.626,81,1
video_001,966,0.148,0.028,0.551,0.626,81,1
video_001,967,0.148,0.028,0.551,0.626,81,1
video_001,968,0.148,0.028,0.551,0.626,81,1
video_001,969,0.148,0.028,0.551,0.626,81,1
video_001,970,0.148,0.028,0.551,0.626,81,1
video_001,971,0.148,0.028,0.551,0.626,81,1
video_001,972,0.148,0.028,0.551,0.626,81,1
video_001,973,0.148,0.028,0.551,0.626,81,1
video_001,974,0.148,0.028,0.551,0.626,81,1
video_001,975,0.148,0.028,0.551,0.626,81,1
video_001,976,0.187,0.096,0.554,0.65,82,1
video_001,977,0.187,0.096,0.552,0.64,82,1
video_001,978,0.187,0.096,0.551,0.63,82,1
video_001,979,0.187,0.096,0.549,0.621,82,1
video_001,980,0.187,0.096,0.548,0.611,82,1
video_001,981,0.187,0.096,0.546,0.601,82,1
video_001,982,0.187,0.096,0.544,0.591,82,1
video_001,983,0.187,0.088,0.544,0.577,82,1
video_001,984,0.187,0.067,0.544,0.556,82,1
video_001,985,0.185,0.05,0.541,0.539,82,1
video_001,986,0.18,0.029,0.536,0.518,82,1
video_001,987,0.189,0.01,0.534,0.518,81,1
video_001,988,0.198,0.01,0.543,0.518,81,1
video_001,989,0.203,0.029,0.548,0.537,81,1
video_001,990,0.209,0.048,0.554,0.556,81,1
video_001,991,0.194,0.106,0.539,0.614,81,1
video_001,992,0.187,0.12,0.532,0.628,81,1
video_001,993,0.187,0.12,0.532,0.628,81,1
video_001,994,0.187,0.12,0.532,0.628,81,1
video_001,995,0.202,0.091,0.525,0.643,82,1
video_001,996,0.202,0.091,0.525,0.643,82,1
video_001,997,0.202,0.091,0.525,0.643,82,1
video_001,998,0.202,0.091,0.525,0.643,82,1
video_001,999,0.202,0.091,0.525,0.643,82,1
video_001,1000,0.202,0.091,0.525,0.643,82,1
video_001,1001,0.226,0.109,0.498,0.662,81,1
video_001,1002,0.226,0.109,0.498,0.662,81,1
video_001,1003,0.226,0.109,0.498,0.662,81,1
video_001,1004,0.226,0.109,0.498,0.662,81,1
video_001,1005,0.226,0.109,0.498,0.662,81,1
video_001,1006,0.226,0.109,0.498,0.662,81,1
video_001,1007,0.226,0.109,0.498,0.662,81,1
video_001,1008,0.226,0.109,0.498,0.662,81,1
video_001,1009,0.235,0.098,0.533,0.672,82,1
video_001,1010,0.235,0.09,0.533,0.664,82,1
video_001,1011,0.235,0.082,0.533,0.655,82,1
video_001,1012,0.235,0.073,0.533,0.647,82,1
video_001,1013,0.236,0.065,0.533,0.639,82,1
video_001,1014,0.236,0.057,0.534,0.631,82,1
video_001,1015,0.236,0.031,0.534,0.604,82,1
video_001,1016,0.236,0.023,0.534,0.597,82,1
video_001,1017,0.236,0.016,0.534,0.59,82,1
video_001,1018,0.236,0.015,0.534,0.588,82,1
video_001,1019,0.236,0.015,0.534,0.588,82,1
video_001,1020,0.236,0.015,0.534,0.588,82,1
video_001,1021,0.236,0.015,0.534,0.588,82,1
video_001,1022,0.236,0.015,0.534,0.588,82,1
video_001,1023,0.236,0.015,0.534,0.588,82,1
video_001,1024,0.236,0.015,0.534,0.588,82,1
video_001,1025,0.236,0.015,0.534,0.588,82,1
video_001,1026,0.236,0.015,0.534,0.588,82,1
video_001,1027,0.236,0.015,0.534,0.588,82,1
video_001,1028,0.236,0.015,0.534,0.588,82,1
video_001,1029,0.236,0.015,0.534,0.588,82,1
video_001,1030,0.236,0.015,0.534,0.588,82,1
video_001,1031,0.236,0.015,0.534,0.588,82,1
video_001,1032,0.236,0.015,0.534,0.588,82,1
video_001,1033,0.267,0.091,0.563,0.585,14,1
video_001,1034,0.275,0.185,0.605,0.794,14,1
video_001,1035,0.314,0.371,0.659,1.0,14,1
video_001,1036,0.339,0.398,0.68,1.0,14,1
video_001,1037,0.364,0.425,0.702,1.0,14,1
video_001,1038,0.358,0.441,0.696,0.997,14,1
video_001,1039,0.228,0.249,0.697,0.891,14,1
video_001,1040,0.167,0.179,0.584,0.806,83,1
video_001,1041,0.167,0.172,0.579,0.797,83,1
video_001,1042,0.167,0.175,0.573,0.797,83,1
video_001,1043,0.167,0.179,0.566,0.797,83,1
video_001,1044,0.167,0.182,0.56,0.797,83,1
video_001,1045,0.167,0.185,0.554,0.797,83,1
video_001,1046,0.167,0.189,0.548,0.797,83,1
video_001,1047,0.167,0.192,0.541,0.797,83,1
video_001,1048,0.167,0.195,0.535,0.797,83,1
video_001,1049,0.167,0.198,0.529,0.797,83,1
video_001,1050,0.167,0.202,0.523,0.797,83,1
video_001,1051,0.167,0.205,0.516,0.797,83,1
video_001,1052,0.167,0.21,0.506,0.797,83,1
video_001,1053,0.167,0.215,0.493,0.797,83,1
video_001,1054,0.167,0.22,0.468,0.797,83,1
video_001,1055,0.172,0.164,0.458,0.793,83,1
video_001,1056,0.18,0.155,0.471,0.784,83,1
video_001,1057,0.18,0.155,0.497,0.784,83,1
video_001,1058,0.181,0.154,0.508,0.783,83,1
video_001,1059,0.181,0.153,0.508,0.782,83,1
video_001,1060,0.182,0.151,0.509,0.78,83,1
video_001,1061,0.182,0.15,0.509,0.779,83,1
video_001,1062,0.182,0.148,0.51,0.777,83,1
video_001,1063,0.183,0.147,0.51,0.776,83,1
video_001,1064,0.183,0.145,0.51,0.774,83,1
video_001,1065,0.184,0.144,0.511,0.773,83,1
video_001,1066,0.184,0.142,0.511,0.771,83,1
video_001,1067,0.184,0.141,0.512,0.77,83,1
video_001,1068,0.185,0.139,0.512,0.768,83,1
video_001,1069,0.185,0.138,0.512,0.767,83,1
video_001,1070,0.186,0.136,0.513,0.765,83,1
video_001,1071,0.186,0.135,0.513,0.764,83,1
video_001,1072,0.186,0.133,0.514,0.762,83,1
video_001,1073,0.187,0.132,0.514,0.761,83,1
video_001,1074,0.187,0.13,0.514,0.759,83,1
video_001,1075,0.188,0.129,0.515,0.758,83,1
video_001,1076,0.188,0.127,0.515,0.756,83,1
video_001,1077,0.188,0.126,0.516,0.755,83,1
video_001,1078,0.189,0.124,0.516,0.753,83,1
video_001,1079,0.189,0.123,0.516,0.752,83,1
video_001,1080,0.19,0.121,0.517,0.75,83,1
video_001,1081,0.19,0.12,0.517,0.749,83,1
video_001,1082,0.19,0.118,0.518,0.747,83,1
video_001,1083,0.191,0.117,0.518,0.746,83,1
video_001,1084,0.191,0.115,0.518,0.744,83,1
video_001,1085,0.192,0.114,0.519,0.743,83,1
video_001,1086,0.192,0.112,0.519,0.742,83,1
video_001,1087,0.192,0.111,0.52,0.74,83,1
video_001,1088,0.193,0.11,0.52,0.739,83,1
video_001,1089,0.193,0.108,0.52,0.737,83,1
video_001,1090,0.194,0.107,0.521,0.736,83,1
video_001,1091,0.194,0.105,0.521,0.734,83,1
video_001,1092,0.195,0.104,0.522,0.733,83,1
video_001,1093,0.195,0.102,0.522,0.731,83,1
video_001,1094,0.195,0.101,0.522,0.73,83,1
video_001,1095,0.198,0.096,0.525,0.725,83,1
video_001,1096,0.203,0.087,0.53,0.716,83,1
video_001,1097,0.209,0.077,0.536,0.706,83,1
video_001,1098,0.214,0.068,0.541,0.697,83,1
video_001,1099,0.22,0.058,0.547,0.687,83,1
video_001,1100,0.224,0.051,0.545,0.635,83,1
video_001,1101,0.228,0.046,0.537,0.555,83,1
video_001,1102,0.229,0.043,0.534,0.522,83,1
video_001,1103,0.229,0.041,0.533,0.52,83,1
video_001,1104,0.228,0.039,0.533,0.518,83,1
video_001,1105,0.227,0.037,0.532,0.516,83,1
video_001,1106,0.227,0.035,0.531,0.514,83,1
video_001,1107,0.226,0.033,0.531,0.512,83,1
video_001,1108,0.226,0.031,0.53,0.51,83,1
video_001,1109,0.225,0.029,0.53,0.508,83,1
video_001,1110,0.225,0.028,0.529,0.506,83,1
video_001,1111,0.224,0.026,0.529,0.504,83,1
video_001,1112,0.224,0.024,0.528,0.502,83,1
video_001,1113,0.223,0.022,0.528,0.5,83,1
video_001,1114,0.222,0.02,0.527,0.498,83,1
video_001,1115,0.222,0.018,0.526,0.496,83,1
video_001,1116,0.221,0.016,0.526,0.494,83,1
video_001,1117,0.221,0.014,0.525,0.492,83,1
video_001,1118,0.22,0.012,0.525,0.49,83,1
video_001,1119,0.22,0.01,0.524,0.488,83,1
video_001,1120,0.219,0.008,0.524,0.486,83,1
video_001,1121,0.219,0.006,0.523,0.484,83,1
video_001,1122,0.218,0.004,0.523,0.483,83,1
video_001,1123,0.218,0.004,0.523,0.483,83,1
video_001,1124,0.218,0.004,0.523,0.483,83,1
video_001,1125,0.218,0.004,0.523,0.483,83,1
video_001,1126,0.218,0.004,0.523,0.483,83,1
video_001,1127,0.381,0.047,0.531,0.299,14,2
video_001,1128,0.391,0.1,0.572,0.584,14,2
video_001,1129,0.437,0.194,0.651,0.765,14,2
video_001,1130,0.44,0.349,0.677,0.965,14,2
video_001,1131,0.456,0.558,0.717,1.0,14,2
video_001,1132,0.11,0.549,0.622,1.0,81,1
video_001,1133,0.117,0.509,0.584,1.0,81,3
video_001,1134,0.132,0.51,0.599,1.0,81,3
video_001,1135,0.146,0.511,0.613,1.0,81,3
video_001,1136,0.16,0.512,0.627,1.0,81,3
video_001,1137,0.174,0.513,0.642,1.0,81,3
video_001,1138,0.189,0.513,0.656,1.0,81,3
video_001,1139,0.317,0.066,0.577,0.549,14,1
video_001,1140,0.324,0.136,0.586,0.644,14,1
video_001,1141,0.338,0.236,0.601,0.809,14,1
video_001,1142,0.366,0.383,0.63,0.956,14,1
video_001,1143,0.324,0.579,0.682,1.0,14,1
video_001,1144,0.196,0.398,0.735,0.945,14,1
video_001,1145,0.196,0.143,0.656,0.841,14,1
video_001,1146,0.245,0.031,0.605,0.676,14,1
video_001,1147,0.151,0.066,0.558,0.609,83,1
video_001,1148,0.151,0.066,0.558,0.609,83,1
video_001,1149,0.151,0.066,0.558,0.609,83,1
video_001,1150,0.329,0.146,0.587,0.681,14,1
video_001,1151,0.32,0.244,0.607,0.889,14,1
video_001,1152,0.3,0.333,0.66,0.999,14,1
video_001,1153,0.322,0.634,0.799,1.0,14,1
video_001,1154,0.228,0.467,0.716,1.0,14,1
video_001,1155,0.202,0.257,0.646,0.885,14,1
video_001,1156,0.2,0.105,0.644,0.733,14,1
video_001,1157,0.2,0.062,0.644,0.69,14,1
video_001,1158,0.212,0.107,0.656,0.736,14,1
video_001,1159,0.234,0.21,0.678,0.839,14,1
video_001,1160,0.23,0.281,0.674,0.909,14,1
video_001,1161,0.231,0.384,0.675,1.0,14,1
video_001,1162,0.386,0.435,0.995,0.985,81,3
video_001,1163,0.414,0.442,0.995,0.989,81,3
video_001,1164,0.441,0.448,0.995,0.994,81,3
video_001,1165,0.469,0.455,0.995,0.998,81,3
video_001,1166,0.485,0.459,0.996,1.0,81,3
video_001,1167,0.483,0.459,0.996,1.0,81,3
video_001,1168,0.481,0.459,0.996,1.0,81,3
video_001,1169,0.479,0.46,0.997,1.0,81,3
video_001,1170,0.477,0.46,0.997,1.0,81,3
video_001,1171,0.475,0.46,0.997,1.0,81,3
video_001,1172,0.474,0.461,0.998,1.0,81,3
video_001,1173,0.472,0.461,0.998,1.0,81,3
video_001,1174,0.47,0.461,0.998,1.0,81,3
video_001,1175,0.468,0.462,0.999,1.0,81,3
video_001,1176,0.466,0.462,0.999,1.0,81,3
video_001,1177,0.464,0.462,0.999,1.0,81,3
video_001,1178,0.463,0.462,0.999,1.0,81,3
video_001,1179,0.461,0.463,1.0,1.0,81,3
video_001,1180,0.441,0.464,0.982,1.0,81,3
video_001,1181,0.308,0.0,0.541,0.434,14,4
video_001,1182,0.287,0.023,0.61,0.501,48,4
video_001,1183,0.287,0.023,0.61,0.508,48,4
video_001,1184,0.287,0.023,0.612,0.519,48,4
video_001,1185,0.287,0.023,0.614,0.53,48,4
video_001,1186,0.301,0.04,0.616,0.537,48,4
video_001,1187,0.309,0.05,0.616,0.539,48,4
video_001,1188,0.31,0.052,0.617,0.54,48,4
video_001,1189,0.31,0.053,0.618,0.542,48,4
video_001,1190,0.311,0.054,0.619,0.543,48,4
video_001,1191,0.312,0.056,0.619,0.544,48,4
video_001,1192,0.313,0.057,0.62,0.546,48,4
video_001,1193,0.314,0.059,0.621,0.547,48,4
video_001,1194,0.314,0.06,0.622,0.549,48,4
video_001,1195,0.315,0.062,0.623,0.55,48,4
video_001,1196,0.316,0.063,0.623,0.552,48,4
video_001,1197,0.317,0.065,0.624,0.553,48,4
video_001,1198,0.318,0.066,0.625,0.555,48,4
video_001,1199,0.318,0.068,0.626,0.556,48,4
video_001,1200,0.319,0.069,0.627,0.558,48,4
video_001,1201,0.32,0.071,0.627,0.559,48,4
video_001,1202,0.321,0.072,0.628,0.56,48,4
video_001,1203,0.322,0.073,0.629,0.562,48,4
video_001,1204,0.322,0.075,0.63,0.563,48,4
video_001,1205,0.323,0.076,0.631,0.565,48,4
video_001,1206,0.324,0.078,0.631,0.566,48,4
video_001,1207,0.325,0.079,0.632,0.568,48,4
video_001,1208,0.323,0.006,0.573,0.515,14,4
video_001,1209,0.322,0.0,0.56,0.394,14,4
video_001,1210,0.322,0.0,0.55,0.383,14,4
video_001,1211,0.322,0.0,0.541,0.372,14,4
video_001,1212,0.322,0.0,0.532,0.361,14,4
video_001,1213,0.322,0.0,0.523,0.349,14,4
video_001,1214,0.322,0.0,0.513,0.338,14,4
video_001,1215,0.125,0.352,0.587,0.911,81,5
video_001,1216,0.125,0.336,0.584,0.897,81,5
video_001,1217,0.125,0.328,0.57,0.897,81,5
video_001,1218,0.125,0.319,0.555,0.897,81,5
video_001,1219,0.125,0.311,0.541,0.897,81,5
video_001,1220,0.128,0.311,0.541,0.899,81,5
video_001,1221,0.131,0.314,0.545,0.901,81,5
video_001,1222,0.135,0.316,0.548,0.903,81,5
video_001,1223,0.138,0.318,0.552,0.906,81,5
video_001,1224,0.142,0.32,0.555,0.908,81,5
video_001,1225,0.145,0.323,0.558,0.91,81,5
video_001,1226,0.149,0.325,0.562,0.913,81,5
video_001,1227,0.093,0.455,0.689,0.996,81,1
video_001,1228,0.093,0.455,0.689,0.996,81,1
video_001,1229,0.093,0.455,0.689,0.996,81,1
video_001,1230,0.093,0.455,0.689,0.996,81,1
video_001,1231,0.093,0.455,0.689,0.996,81,1
video_001,1232,0.093,0.455,0.689,0.996,81,1
video_001,1233,0.093,0.455,0.689,0.996,81,1
video_001,1234,0.093,0.455,0.689,0.996,81,1
video_001,1235,0.093,0.455,0.689,0.996,81,1
video_001,1236,0.129,0.396,0.663,0.997,81,1
video_001,1237,0.124,0.338,0.658,0.939,81,1
video_001,1238,0.134,0.365,0.673,1.0,81,1
video_001,1239,0.136,0.365,0.675,1.0,81,1
video_001,1240,0.138,0.365,0.677,1.0,81,1
video_001,1241,0.14,0.366,0.679,1.0,81,1
video_001,1242,0.142,0.366,0.682,1.0,81,1
video_001,1243,0.145,0.366,0.684,1.0,81,1
video_001,1244,0.147,0.366,0.686,1.0,81,1
video_001,1245,0.149,0.366,0.688,1.0,81,1
video_001,1246,0.151,0.366,0.69,1.0,81,1
video_001,1247,0.153,0.366,0.692,1.0,81,1
video_001,1248,0.155,0.366,0.695,1.0,81,1
video_001,1249,0.158,0.366,0.697,1.0,81,1
video_001,1250,0.16,0.367,0.699,1.0,81,1
video_001,1251,0.162,0.367,0.701,1.0,81,1
video_001,1252,0.164,0.367,0.703,1.0,81,1
video_001,1253,0.166,0.367,0.705,1.0,81,1
video_001,1254,0.168,0.367,0.708,1.0,81,1
video_001,1255,0.171,0.367,0.71,1.0,81,1
video_001,1256,0.173,0.367,0.712,1.0,81,1
video_001,1257,0.175,0.367,0.714,1.0,81,1
video_001,1258,0.177,0.368,0.716,1.0,81,1
video_001,1259,0.179,0.368,0.718,1.0,81,1
video_001,1260,0.181,0.368,0.721,1.0,81,1
video_001,1261,0.184,0.368,0.723,1.0,81,1
video_001,1262,0.186,0.368,0.725,1.0,81,1
video_001,1263,0.067,0.52,0.521,1.0,81,5
video_001,1264,0.089,0.52,0.543,1.0,81,5
video_001,1265,0.089,0.52,0.543,1.0,81,5
video_001,1266,0.075,0.401,0.604,1.0,81,1
video_001,1267,0.075,0.401,0.604,1.0,81,1
video_001,1268,0.075,0.401,0.604,1.0,81,1
video_001,1269,0.075,0.401,0.604,1.0,81,1
video_001,1270,0.075,0.401,0.604,1.0,81,1
video_001,1271,0.075,0.401,0.604,1.0,81,1
video_001,1272,0.075,0.401,0.604,1.0,81,1
video_001,1273,0.075,0.401,0.604,1.0,81,1
video_001,1274,0.075,0.401,0.604,1.0,81,1
video_001,1275,0.075,0.401,0.604,1.0,81,1
video_001,1276,0.075,0.401,0.604,1.0,81,1
video_001,1277,0.034,0.452,0.642,0.999,81,1
video_001,1278,0.037,0.448,0.645,0.996,81,1
video_001,1279,0.04,0.445,0.648,0.993,81,1
video_001,1280,0.043,0.442,0.651,0.99,81,1
video_001,1281,0.07,0.275,0.66,0.945,81,1
video_001,1282,0.079,0.333,0.67,1.0,81,1
video_001,1283,0.079,0.316,0.67,1.0,81,1
video_001,1284,0.079,0.283,0.67,1.0,81,1
video_001,1285,0.07,0.378,0.632,1.0,81,1
video_001,1286,0.07,0.378,0.562,1.0,81,1
video_001,1287,0.085,0.311,0.549,0.936,81,1
video_001,1288,0.085,0.301,0.549,0.936,81,1
video_001,1289,0.085,0.291,0.549,0.936,81,1
video_001,1290,0.085,0.281,0.549,0.936,81,1
video_001,1291,0.085,0.271,0.549,0.936,81,1
video_001,1292,0.085,0.262,0.549,0.936,81,1
video_001,1293,0.108,0.234,0.556,0.917,81,1
video_001,1294,0.168,0.206,0.582,0.889,81,1
video_001,1295,0.189,0.223,0.603,0.906,81,1
video_001,1296,0.094,0.299,0.571,0.982,81,1
video_001,1297,0.1,0.293,0.577,0.976,81,1
video_001,1298,0.116,0.259,0.593,0.942,81,1
video_001,1299,0.116,0.324,0.578,0.995,81,1
video_001,1300,0.117,0.3,0.579,0.971,81,1
video_001,1301,0.118,0.276,0.58,0.947,81,1
video_001,1302,0.118,0.252,0.58,0.923,81,1
video_001,1303,0.122,0.174,0.584,0.845,81,1
video_001,1304,0.129,0.15,0.591,0.821,81,1
video_001,1305,0.14,0.163,0.602,0.834,81,1
video_001,1306,0.15,0.176,0.612,0.847,81,1
video_001,1307,0.161,0.189,0.623,0.86,81,1
video_001,1308,0.172,0.201,0.634,0.872,81,1
video_001,1309,0.076,0.407,0.642,1.0,81,1
video_001,1310,0.076,0.407,0.668,1.0,81,1
video_001,1311,0.076,0.407,0.693,1.0,81,1
video_001,1312,0.076,0.407,0.719,1.0,81,1
video_001,1313,0.076,0.407,0.739,1.0,81,1
video_001,1314,0.378,0.07,0.574,0.569,14,3
video_001,1315,0.527,0.364,0.699,0.996,14,3
video_001,1316,0.341,0.535,0.748,1.0,14,3
video_001,1317,0.286,0.051,0.692,0.738,14,3
video_001,1318,0.307,0.0,0.566,0.436,14,3
video_001,1319,0.271,0.0,0.502,0.322,14,3
video_001,1320,0.29,0.31,0.751,0.967,14,1
video_001,1321,0.196,0.133,0.538,0.772,81,1
video_001,1322,0.197,0.137,0.539,0.776,81,1
video_001,1323,0.198,0.141,0.541,0.78,81,1
video_001,1324,0.2,0.144,0.542,0.783,81,1
video_001,1325,0.201,0.148,0.544,0.787,81,1
video_001,1326,0.203,0.152,0.545,0.791,81,1
video_001,1327,0.204,0.155,0.546,0.794,81,1
video_001,1328,0.205,0.159,0.548,0.798,81,1
video_001,1329,0.207,0.163,0.549,0.802,81,1
video_001,1330,0.208,0.166,0.551,0.805,81,1
video_001,1331,0.21,0.17,0.552,0.809,81,1
video_001,1332,0.211,0.174,0.554,0.813,81,1
video_001,1333,0.213,0.177,0.555,0.816,81,1
video_001,1334,0.214,0.181,0.556,0.82,81,1
video_001,1335,0.215,0.185,0.558,0.824,81,1
video_001,1336,0.217,0.188,0.559,0.827,81,1
video_001,1337,0.218,0.192,0.561,0.831,81,1
video_001,1338,0.233,0.292,0.575,0.931,81,1
video_001,1339,0.116,0.328,0.575,0.967,81,1
video_001,1340,0.117,0.336,0.576,0.974,81,1
video_001,1341,0.118,0.345,0.576,0.981,81,1
video_001,1342,0.118,0.353,0.577,0.988,81,1
video_001,1343,0.119,0.362,0.578,0.996,81,1
video_001,1344,0.12,0.36,0.578,1.0,81,1
video_001,1345,0.12,0.342,0.578,1.0,81,1
video_001,1346,0.12,0.324,0.578,1.0,81,1
video_001,1347,0.121,0.299,0.579,0.989,81,1
video_001,1348,0.126,0.244,0.585,0.934,81,1
video_001,1349,0.127,0.178,0.586,0.868,81,1
video_001,1350,0.148,0.249,0.606,0.939,81,1
video_001,1351,0.148,0.283,0.607,0.954,81,1
video_001,1352,0.149,0.316,0.608,0.97,81,1
video_001,1353,0.149,0.349,0.608,0.985,81,1
video_001,1354,0.15,0.383,0.609,1.0,81,1
video_001,1355,0.152,0.378,0.611,0.996,81,1
video_001,1356,0.154,0.374,0.613,0.991,81,1
video_001,1357,0.156,0.369,0.615,0.987,81,1
video_001,1358,0.158,0.365,0.617,0.982,81,1
video_001,1359,0.151,0.272,0.61,0.89,81,1
video_001,1360,0.151,0.301,0.61,0.925,81,1
video_001,1361,0.151,0.238,0.61,0.897,81,1
video_001,1362,0.145,0.092,0.604,0.757,81,1
video_001,1363,0.145,0.071,0.594,0.736,81,1
video_001,1364,0.145,0.071,0.583,0.736,81,1
video_001,1365,0.145,0.071,0.572,0.736,81,1
video_001,1366,0.145,0.071,0.561,0.736,81,1
video_001,1367,0.145,0.071,0.549,0.736,81,1
video_001,1368,0.145,0.071,0.538,0.736,81,1
video_001,1369,0.145,0.071,0.531,0.736,81,1
video_001,1370,0.205,0.084,0.572,0.655,82,1
video_001,1371,0.205,0.09,0.572,0.661,82,1
video_001,1372,0.205,0.097,0.571,0.668,82,1
video_001,1373,0.205,0.103,0.571,0.674,82,1
video_001,1374,0.205,0.109,0.571,0.68,82,1
video_001,1375,0.205,0.115,0.571,0.686,82,1
video_001,1376,0.205,0.122,0.571,0.693,82,1
video_001,1377,0.214,0.088,0.547,0.667,81,1
video_001,1378,0.199,0.141,0.531,0.719,81,1
video_001,1379,0.199,0.136,0.531,0.719,81,1
video_001,1380,0.199,0.131,0.531,0.719,81,1
video_001,1381,0.199,0.127,0.531,0.719,81,1
video_001,1382,0.199,0.122,0.531,0.719,81,1
video_001,1383,0.199,0.118,0.531,0.719,81,1
video_001,1384,0.199,0.113,0.531,0.719,81,1
video_001,1385,0.199,0.112,0.531,0.719,81,1
video_001,1386,0.199,0.112,0.531,0.719,81,1
video_001,1387,0.199,0.112,0.531,0.719,81,1
video_001,1388,0.199,0.112,0.531,0.719,81,1
video_001,1389,0.199,0.112,0.531,0.719,81,1
video_001,1390,0.197,0.059,0.532,0.671,82,1
video_001,1391,0.197,0.045,0.532,0.657,82,1
video_001,1392,0.198,0.031,0.533,0.643,82,1
video_001,1393,0.198,0.017,0.533,0.629,82,1
video_001,1394,0.199,0.003,0.534,0.614,82,1
video_001,1395,0.199,0.003,0.534,0.614,82,1
video_001,1396,0.199,0.162,0.537,0.777,81,1
video_001,1397,0.199,0.162,0.533,0.755,81,1
video_001,1398,0.199,0.162,0.53,0.733,81,1
video_001,1399,0.199,0.162,0.526,0.712,81,1
video_001,1400,0.199,0.162,0.522,0.69,81,1
video_001,1401,0.199,0.138,0.53,0.677,81,1
video_001,1402,0.204,0.129,0.536,0.668,81,1
video_001,1403,0.204,0.129,0.536,0.668,81,1
video_001,1404,0.194,0.113,0.547,0.679,82,1
video_001,1405,0.192,0.103,0.545,0.67,82,1
video_001,1406,0.189,0.094,0.542,0.661,82,1
video_001,1407,0.187,0.085,0.54,0.652,82,1
video_001,1408,0.184,0.076,0.537,0.642,82,1
video_001,1409,0.183,0.059,0.536,0.625,82,1
video_001,1410,0.185,0.07,0.539,0.637,82,1
video_001,1411,0.186,0.067,0.526,0.653,81,1
video_001,1412,0.204,0.049,0.544,0.634,81,1
video_001,1413,0.209,0.067,0.549,0.653,81,1
video_001,1414,0.209,0.089,0.55,0.675,81,1
video_001,1415,0.21,0.106,0.55,0.691,81,1
video_001,1416,0.21,0.097,0.55,0.683,81,1
video_001,1417,0.211,0.089,0.551,0.675,81,1
video_001,1418,0.211,0.081,0.551,0.667,81,1
video_001,1419,0.211,0.073,0.552,0.659,81,1
video_001,1420,0.212,0.065,0.552,0.651,81,1
video_001,1421,0.212,0.057,0.552,0.643,81,1
video_001,1422,0.212,0.049,0.553,0.634,81,1
video_001,1423,0.213,0.041,0.553,0.626,81,1
video_001,1424,0.212,0.009,0.552,0.594,81,1
video_001,1425,0.223,0.056,0.561,0.607,81,1
video_001,1426,0.222,0.099,0.558,0.622,81,1
video_001,1427,0.191,0.145,0.527,0.746,81,1
video_001,1428,0.193,0.148,0.528,0.75,81,1
video_001,1429,0.194,0.152,0.53,0.753,81,1
video_001,1430,0.195,0.155,0.531,0.757,81,1
video_001,1431,0.197,0.159,0.533,0.76,81,1
video_001,1432,0.198,0.163,0.534,0.764,81,1
video_001,1433,0.199,0.166,0.535,0.768,81,1
video_001,1434,0.201,0.17,0.537,0.771,81,1
video_001,1435,0.202,0.173,0.538,0.775,81,1
video_001,1436,0.204,0.177,0.539,0.778,81,1
video_001,1437,0.205,0.18,0.541,0.782,81,1
video_001,1438,0.206,0.184,0.542,0.785,81,1
video_001,1439,0.208,0.187,0.543,0.789,81,1
video_001,1440,0.209,0.191,0.545,0.792,81,1
video_001,1441,0.21,0.194,0.546,0.796,81,1
video_001,1442,0.271,0.299,0.606,0.9,81,1
video_001,1443,0.188,0.131,0.531,0.745,81,1
video_001,1444,0.188,0.131,0.531,0.745,81,1
video_001,1445,0.188,0.132,0.531,0.745,81,1
video_001,1446,0.188,0.133,0.531,0.745,81,1
video_001,1447,0.188,0.133,0.531,0.745,81,1
video_001,1448,0.188,0.134,0.531,0.745,81,1
video_001,1449,0.188,0.135,0.531,0.745,81,1
video_001,1450,0.188,0.135,0.531,0.745,81,1
video_001,1451,0.188,0.136,0.531,0.745,81,1
video_001,1452,0.188,0.137,0.531,0.745,81,1
video_001,1453,0.188,0.137,0.531,0.745,81,1
video_001,1454,0.188,0.138,0.531,0.745,81,1
video_001,1455,0.188,0.138,0.531,0.745,81,1
video_001,1456,0.188,0.139,0.531,0.745,81,1
video_001,1457,0.188,0.14,0.531,0.745,81,1
video_001,1458,0.188,0.14,0.531,0.745,81,1
video_001,1459,0.188,0.141,0.531,0.745,81,1
video_001,1460,0.188,0.142,0.531,0.745,81,1
video_001,1461,0.188,0.142,0.531,0.745,81,1
video_001,1462,0.188,0.143,0.531,0.745,81,1
video_001,1463,0.188,0.144,0.531,0.745,81,1
video_001,1464,0.188,0.144,0.531,0.745,81,1
video_001,1465,0.188,0.145,0.531,0.745,81,1
video_001,1466,0.188,0.145,0.531,0.745,81,1
video_001,1467,0.188,0.146,0.53,0.745,81,1
video_001,1468,0.188,0.147,0.53,0.745,81,1
video_001,1469,0.188,0.147,0.53,0.745,81,1
video_001,1470,0.188,0.148,0.53,0.745,81,1
video_001,1471,0.188,0.149,0.53,0.745,81,1
video_001,1472,0.188,0.149,0.53,0.745,81,1
video_001,1473,0.188,0.15,0.53,0.745,81,1
video_001,1474,0.188,0.151,0.53,0.745,81,1
video_001,1475,0.188,0.151,0.53,0.745,81,1
video_001,1476,0.188,0.152,0.53,0.745,81,1
video_001,1477,0.188,0.152,0.53,0.745,81,1
video_001,1478,0.188,0.153,0.53,0.745,81,1
video_001,1479,0.188,0.154,0.53,0.745,81,1
video_001,1480,0.188,0.154,0.53,0.745,81,1
video_001,1481,0.188,0.155,0.53,0.745,81,1
video_001,1482,0.188,0.156,0.53,0.745,81,1
video_001,1483,0.188,0.156,0.53,0.745,81,1
video_001,1484,0.188,0.157,0.53,0.745,81,1
video_001,1485,0.188,0.158,0.53,0.745,81,1
video_001,1486,0.188,0.158,0.53,0.745,81,1
video_001,1487,0.188,0.159,0.53,0.745,81,1
video_001,1488,0.188,0.159,0.53,0.745,81,1
video_001,1489,0.188,0.16,0.53,0.745,81,1
video_001,1490,0.188,0.161,0.529,0.745,81,1
video_001,1491,0.188,0.161,0.529,0.745,81,1
video_001,1492,0.188,0.162,0.529,0.745,81,1
video_001,1493,0.188,0.163,0.529,0.745,81,1
video_001,1494,0.188,0.163,0.529,0.745,81,1
video_001,1495,0.192,0.165,0.533,0.746,81,1
video_001,1496,0.213,0.169,0.554,0.75,81,1
video_001,1497,0.261,0.165,0.602,0.833,81,1
video_001,1498,0.33,0.359,0.646,0.985,14,1
video_001,1499,0.284,0.51,0.728,0.999,14,1
video_001,1500,0.187,0.236,0.631,0.902,14,1
video_001,1501,0.151,0.099,0.545,0.751,81,1
video_001,1502,0.165,0.071,0.559,0.723,81,1
video_001,1503,0.165,0.087,0.559,0.723,81,1
video_001,1504,0.165,0.103,0.559,0.723,81,1
video_001,1505,0.165,0.119,0.559,0.723,81,1
video_001,1506,0.165,0.119,0.559,0.721,81,1
video_001,1507,0.165,0.117,0.558,0.718,81,1
video_001,1508,0.165,0.114,0.558,0.715,81,1
video_001,1509,0.165,0.111,0.558,0.713,81,1
video_001,1510,0.165,0.108,0.558,0.71,81,1
video_001,1511,0.165,0.105,0.558,0.707,81,1
video_001,1512,0.165,0.103,0.558,0.704,81,1
video_001,1513,0.164,0.1,0.558,0.701,81,1
video_001,1514,0.164,0.097,0.558,0.699,81,1
video_001,1515,0.164,0.094,0.558,0.696,81,1
video_001,1516,0.164,0.092,0.558,0.693,81,1
video_001,1517,0.164,0.089,0.557,0.69,81,1
video_001,1518,0.164,0.086,0.557,0.687,81,1
video_001,1519,0.164,0.083,0.557,0.685,81,1
video_001,1520,0.164,0.08,0.557,0.682,81,1
video_001,1521,0.164,0.078,0.557,0.679,81,1
video_001,1522,0.164,0.075,0.557,0.676,81,1
video_001,1523,0.163,0.072,0.557,0.673,81,1
video_001,1524,0.163,0.069,0.557,0.671,81,1
video_001,1525,0.163,0.066,0.557,0.668,81,1
video_001,1526,0.163,0.064,0.557,0.665,81,1
video_001,1527,0.163,0.061,0.556,0.662,81,1
video_001,1528,0.163,0.061,0.556,0.662,81,1
video_001,1529,0.163,0.061,0.556,0.662,81,1
video_001,1530,0.163,0.061,0.556,0.662,81,1
video_001,1531,0.163,0.061,0.556,0.662,81,1
video_001,1532,0.163,0.061,0.556,0.662,81,1
video_001,1533,0.163,0.061,0.556,0.662,81,1
video_001,1534,0.215,0.032,0.528,0.552,82,1
video_001,1535,0.215,0.032,0.528,0.552,82,1
video_001,1536,0.215,0.032,0.528,0.552,82,1
video_001,1537,0.265,0.033,0.531,0.525,81,1
video_001,1538,0.272,0.035,0.538,0.526,81,1
video_001,1539,0.243,0.074,0.555,0.604,81,1
video_001,1540,0.243,0.064,0.555,0.632,81,1
video_001,1541,0.242,0.048,0.554,0.616,81,1
video_001,1542,0.242,0.045,0.554,0.613,81,1
video_001,1543,0.242,0.045,0.554,0.613,81,1
video_001,1544,0.242,0.045,0.554,0.613,81,1
video_001,1545,0.242,0.045,0.554,0.613,81,1
video_001,1546,0.242,0.045,0.554,0.613,81,1
video_001,1547,0.234,0.08,0.516,0.664,82,1
video_001,1548,0.234,0.08,0.516,0.664,82,1
video_001,1549,0.234,0.08,0.516,0.664,82,1
video_001,1550,0.234,0.08,0.516,0.664,82,1
video_001,1551,0.234,0.08,0.516,0.664,82,1
video_001,1552,0.182,0.075,0.548,0.649,81,1
video_001,1553,0.181,0.056,0.547,0.63,81,1
video_001,1554,0.18,0.052,0.547,0.626,81,1
video_001,1555,0.204,0.063,0.535,0.644,82,1
video_001,1556,0.204,0.053,0.536,0.634,82,1
video_001,1557,0.204,0.042,0.536,0.624,82,1
video_001,1558,0.205,0.032,0.536,0.613,82,1
video_001,1559,0.205,0.022,0.537,0.603,82,1
video_001,1560,0.205,0.006,0.537,0.58,82,1
video_001,1561,0.205,0.0,0.537,0.568,82,1
video_001,1562,0.205,0.0,0.537,0.563,82,1
video_001,1563,0.205,0.0,0.537,0.558,82,1
video_001,1564,0.205,0.0,0.537,0.553,82,1
video_001,1565,0.205,0.0,0.537,0.548,82,1
video_001,1566,0.205,0.0,0.537,0.543,82,1
video_001,1567,0.205,0.0,0.537,0.538,82,1
video_001,1568,0.205,0.0,0.537,0.534,82,1
video_001,1569,0.205,0.0,0.537,0.529,82,1
video_001,1570,0.205,0.0,0.537,0.524,82,1
video_001,1571,0.205,0.0,0.537,0.519,82,1
video_001,1572,0.205,0.0,0.537,0.514,82,1
video_001,1573,0.205,0.0,0.537,0.509,82,1
video_001,1574,0.205,0.0,0.537,0.504,82,1
video_001,1575,0.205,0.0,0.537,0.499,82,1
video_001,1576,0.205,0.0,0.537,0.494,82,1
video_001,1577,0.205,0.0,0.535,0.494,82,1
video_001,1578,0.205,0.0,0.533,0.494,82,1
video_001,1579,0.205,0.0,0.531,0.494,82,1
video_001,1580,0.205,0.0,0.529,0.494,82,1
video_001,1581,0.205,0.0,0.528,0.494,82,1
video_001,1582,0.205,0.0,0.526,0.494,82,1
video_001,1583,0.205,0.0,0.524,0.494,82,1
video_001,1584,0.205,0.0,0.522,0.494,82,1
video_001,1585,0.205,0.0,0.52,0.494,82,1
video_001,1586,0.205,0.0,0.518,0.494,82,1
video_001,1587,0.205,0.0,0.516,0.494,82,1
video_001,1588,0.205,0.0,0.514,0.494,82,1
video_001,1589,0.205,0.0,0.513,0.494,82,1
video_001,1590,0.205,0.0,0.511,0.494,82,1
video_001,1591,0.205,0.0,0.509,0.494,82,1
video_001,1592,0.205,0.0,0.507,0.494,82,1
video_001,1593,0.205,0.0,0.505,0.494,82,1
video_001,1594,0.205,0.0,0.503,0.494,82,1
video_001,1595,0.205,0.0,0.501,0.494,82,1
video_001,1596,0.205,0.0,0.499,0.494,82,1
video_001,1597,0.205,0.0,0.498,0.494,82,1
video_001,1598,0.205,0.0,0.496,0.494,82,1
video_001,1599,0.205,0.0,0.494,0.494,82,1
video_001,1600,0.205,0.0,0.492,0.494,82,1
video_001,1601,0.205,0.0,0.49,0.494,82,1
video_001,1602,0.205,0.0,0.488,0.494,82,1
video_001,1603,0.205,0.0,0.486,0.494,82,1
video_001,1604,0.205,0.0,0.484,0.494,82,1
video_001,1605,0.205,0.0,0.483,0.494,82,1
video_001,1606,0.205,0.0,0.483,0.494,82,1
video_001,1607,0.205,0.0,0.483,0.494,82,1
video_001,1608,0.205,0.0,0.483,0.494,82,1
video_001,1609,0.205,0.0,0.483,0.494,82,1
video_001,1610,0.205,0.0,0.483,0.494,82,1
video_001,1611,0.205,0.0,0.483,0.494,82,1
video_001,1612,0.205,0.0,0.483,0.494,82,1
video_001,1613,0.205,0.0,0.483,0.494,82,1
video_001,1614,0.205,0.0,0.483,0.494,82,1
video_001,1615,0.205,0.0,0.483,0.494,82,1
video_001,1616,0.205,0.0,0.483,0.494,82,1
video_001,1617,0.205,0.0,0.483,0.494,82,1
video_001,1618,0.205,0.0,0.483,0.494,82,1
video_001,1619,0.205,0.0,0.483,0.494,82,1
video_001,1620,0.205,0.0,0.483,0.494,82,1
video_001,1621,0.205,0.0,0.483,0.494,82,1
video_001,1622,0.205,0.0,0.483,0.494,82,1
video_001,1623,0.205,0.0,0.483,0.494,82,1
video_001,1624,0.205,0.0,0.483,0.494,82,1
video_001,1625,0.205,0.0,0.483,0.494,82,1
video_001,1626,0.205,0.0,0.483,0.494,82,1
video_001,1627,0.306,0.028,0.539,0.468,14,1
video_001,1628,0.319,0.041,0.552,0.491,14,1
video_001,1629,0.328,0.068,0.561,0.591,14,1
video_001,1630,0.302,0.168,0.578,0.762,14,1
video_001,1631,0.305,0.222,0.577,0.88,14,1
video_001,1632,0.298,0.345,0.609,1.0,14,1
video_001,1633,0.324,0.604,0.692,1.0,14,1
video_001,1634,0.209,0.625,0.653,1.0,14,1
video_001,1635,0.285,0.357,0.681,0.996,14,1
video_001,1636,0.28,0.13,0.677,0.77,14,1
video_001,1637,0.277,0.045,0.599,0.657,14,1
video_001,1638,0.286,0.013,0.559,0.509,14,1
video_001,1639,0.286,0.0,0.559,0.406,14,1
video_001,1640,0.286,0.0,0.509,0.335,14,1
video_001,1641,0.286,0.0,0.509,0.335,14,1
video_001,1642,0.311,0.0,0.474,0.301,14,1
video_001,1643,0.35,0.0,0.526,0.392,14,1
video_001,1644,0.356,0.027,0.531,0.45,14,1
video_001,1645,0.374,0.065,0.55,0.544,14,1
video_001,1646,0.361,0.091,0.562,0.664,14,1
video_001,1647,0.38,0.191,0.591,0.764,14,1
video_001,1648,0.425,0.196,0.686,0.885,14,1
video_001,1649,0.389,0.447,0.694,1.0,14,1
video_001,1650,0.412,0.562,0.737,1.0,14,1
video_001,1651,0.375,0.282,0.71,0.909,14,1
video_001,1652,0.33,0.144,0.665,0.772,14,1
video_001,1653,0.311,0.068,0.646,0.661,14,1
video_001,1654,0.307,0.027,0.567,0.517,14,1
video_001,1655,0.307,0.0,0.566,0.427,14,1
video_001,1656,0.307,0.0,0.561,0.372,14,1
video_001,1657,0.307,0.0,0.522,0.356,14,1
video_001,1658,0.307,0.0,0.516,0.291,14,1
video_001,1659,0.307,0.0,0.487,0.291,14,1
video_001,1660,0.325,0.033,0.624,0.524,48,1
video_001,1661,0.325,0.033,0.624,0.524,48,1
video_001,1662,0.325,0.033,0.624,0.524,48,1
video_001,1663,0.325,0.033,0.624,0.524,48,1
video_001,1664,0.325,0.033,0.624,0.524,48,1
video_001,1665,0.325,0.033,0.624,0.524,48,1
video_001,1666,0.325,0.033,0.624,0.524,48,1
video_001,1667,0.325,0.033,0.624,0.524,48,1
video_001,1668,0.325,0.033,0.624,0.524,48,1
video_001,1669,0.325,0.033,0.624,0.524,48,1
video_001,1670,0.306,0.102,0.601,0.657,14,1
video_001,1671,0.323,0.187,0.617,0.815,14,1
video_001,1672,0.353,0.297,0.648,0.969,14,1
video_001,1673,0.331,0.393,0.659,1.0,14,1
video_001,1674,0.331,0.393,0.688,1.0,14,1
video_001,1675,0.331,0.393,0.688,1.0,14,1
video_001,1676,0.331,0.393,0.688,1.0,14,1
video_001,1677,0.331,0.393,0.688,1.0,14,1
video_001,1678,0.331,0.393,0.688,1.0,14,1
video_001,1679,0.331,0.393,0.688,1.0,14,1
video_001,1680,0.304,0.245,0.649,0.909,14,1
video_001,1681,0.3,0.116,0.645,0.78,14,1
video_001,1682,0.288,0.039,0.633,0.674,14,1
video_001,1683,0.292,0.039,0.609,0.559,14,1
video_001,1684,0.299,0.039,0.563,0.481,14,1
video_001,1685,0.312,0.0,0.551,0.422,14,1
video_001,1686,0.374,0.0,0.54,0.394,14,1
video_001,1687,0.37,0.0,0.536,0.385,14,1
video_001,1688,0.365,0.0,0.531,0.376,14,1
video_001,1689,0.36,0.0,0.527,0.367,14,1
video_001,1690,0.356,0.0,0.522,0.358,14,1
video_001,1691,0.351,0.0,0.517,0.349,14,1
video_001,1692,0.347,0.0,0.513,0.341,14,1
video_001,1693,0.342,0.0,0.508,0.332,14,1
video_001,1694,0.337,0.0,0.504,0.323,14,1
video_001,1695,0.334,0.0,0.5,0.315,14,1
video_001,1696,0.337,0.0,0.503,0.31,14,1
video_001,1697,0.345,0.0,0.527,0.377,14,1
video_001,1698,0.351,0.0,0.533,0.434,14,1
video_001,1699,0.361,0.051,0.544,0.515,14,1
video_001,1700,0.398,0.111,0.58,0.645,14,1
video_001,1701,0.376,0.204,0.592,0.775,14,1
video_001,1702,0.37,0.266,0.606,0.837,14,1
video_001,1703,0.335,0.343,0.629,0.975,14,1
video_001,1704,0.335,0.377,0.629,0.987,14,1
video_001,1705,0.335,0.412,0.629,1.0,14,1
video_001,1706,0.335,0.412,0.629,1.0,14,1
video_001,1707,0.335,0.412,0.629,1.0,14,1
video_001,1708,0.318,0.525,0.724,1.0,14,1
video_001,1709,0.341,0.407,0.747,0.954,14,1
video_001,1710,0.367,0.264,0.676,0.895,14,1
video_001,1711,0.332,0.094,0.641,0.725,14,1
video_001,1712,0.332,0.094,0.527,0.592,14,1
video_001,1713,0.303,0.038,0.471,0.532,14,1
video_001,1714,0.432,0.008,0.561,0.443,14,3
video_001,1715,0.414,0.182,0.586,0.744,14,3
video_001,1716,0.382,0.476,0.741,1.0,14,5
video_001,1717,0.368,0.248,0.727,0.863,14,5
video_001,1718,0.411,0.256,0.885,0.944,81,5
video_001,1719,0.396,0.252,0.87,0.941,81,5
video_001,1720,0.381,0.249,0.855,0.937,81,5
video_001,1721,0.367,0.246,0.841,0.934,81,5
video_001,1722,0.338,0.276,0.761,0.964,81,5
video_001,1723,0.352,0.318,0.724,1.0,81,5
video_001,1724,0.328,0.004,0.557,0.386,14,1
video_001,1725,0.329,0.036,0.558,0.496,14,1
video_001,1726,0.338,0.055,0.567,0.515,14,1
video_001,1727,0.356,0.071,0.585,0.609,14,1
video_001,1728,0.362,0.107,0.591,0.722,14,1
video_001,1729,0.373,0.155,0.601,0.827,14,1
video_001,1730,0.064,0.367,0.665,1.0,81,1
video_001,1731,0.064,0.367,0.661,1.0,81,1
video_001,1732,0.064,0.367,0.657,1.0,81,1
video_001,1733,0.064,0.367,0.653,1.0,81,1
video_001,1734,0.064,0.367,0.649,1.0,81,1
video_001,1735,0.064,0.367,0.645,1.0,81,1
video_001,1736,0.064,0.367,0.641,1.0,81,1
video_001,1737,0.064,0.367,0.637,1.0,81,1
video_001,1738,0.064,0.367,0.633,1.0,81,1
video_001,1739,0.064,0.367,0.629,1.0,81,1
video_001,1740,0.064,0.367,0.625,1.0,81,1
video_001,1741,0.064,0.367,0.621,1.0,81,1
video_001,1742,0.064,0.367,0.616,1.0,81,1
video_001,1743,0.064,0.367,0.612,1.0,81,1
video_001,1744,0.064,0.367,0.608,1.0,81,1
video_001,1745,0.064,0.367,0.604,1.0,81,1
video_001,1746,0.064,0.367,0.6,1.0,81,1
video_001,1747,0.064,0.367,0.596,1.0,81,1
video_001,1748,0.064,0.367,0.592,1.0,81,1
video_001,1749,0.064,0.367,0.588,1.0,81,1
video_001,1750,0.064,0.367,0.584,1.0,81,1
video_001,1751,0.064,0.367,0.58,1.0,81,1
video_001,1752,0.064,0.367,0.576,1.0,81,1
video_001,1753,0.064,0.367,0.572,1.0,81,1
video_001,1754,0.064,0.367,0.568,1.0,81,1
video_001,1755,0.064,0.367,0.564,1.0,81,1
video_001,1756,0.064,0.367,0.56,1.0,81,1
video_001,1757,0.064,0.367,0.558,1.0,81,1
video_001,1758,0.579,0.536,0.795,0.978,14,5
video_001,1759,0.391,0.155,0.627,0.718,14,5
video_001,1760,0.346,0.0,0.527,0.446,14,5
video_001,1761,0.085,0.4,0.581,0.999,81,1
video_001,1762,0.085,0.4,0.581,0.999,81,1
video_001,1763,0.085,0.4,0.581,0.999,81,1
video_001,1764,0.085,0.4,0.581,0.999,81,1
video_001,1765,0.085,0.4,0.581,0.999,81,1
video_001,1766,0.085,0.4,0.581,0.999,81,1
video_001,1767,0.085,0.4,0.581,0.999,81,1
video_001,1768,0.085,0.4,0.581,0.999,81,1
video_001,1769,0.085,0.4,0.581,0.999,81,1
video_001,1770,0.085,0.4,0.581,0.999,81,1
video_001,1771,0.085,0.4,0.581,0.999,81,1
video_001,1772,0.085,0.4,0.581,0.999,81,1
video_001,1773,0.085,0.4,0.581,0.999,81,1
video_001,1774,0.085,0.4,0.581,0.999,81,1
video_001,1775,0.085,0.4,0.581,0.999,81,1
video_001,1776,0.085,0.4,0.581,0.999,81,1
video_001,1777,0.085,0.4,0.581,0.999,81,1
video_001,1778,0.085,0.4,0.581,0.999,81,1
video_001,1779,0.102,0.427,0.673,0.994,81,1
video_001,1780,0.102,0.427,0.662,0.994,81,1
video_001,1781,0.102,0.427,0.651,0.994,81,1
video_001,1782,0.102,0.427,0.64,0.994,81,1
video_001,1783,0.102,0.427,0.629,0.994,81,1
video_001,1784,0.102,0.427,0.618,0.994,81,1
video_001,1785,0.102,0.427,0.607,0.994,81,1
video_001,1786,0.102,0.427,0.596,0.994,81,1
video_001,1787,0.102,0.427,0.585,0.994,81,1
video_001,1788,0.102,0.427,0.574,0.994,81,1
video_001,1789,0.102,0.427,0.563,0.994,81,1
video_001,1790,0.102,0.427,0.552,0.994,81,1
video_001,1791,0.102,0.427,0.541,0.994,81,1
video_001,1792,0.102,0.427,0.53,0.994,81,1
video_001,1793,0.102,0.427,0.526,0.994,81,1
video_001,1794,0.102,0.427,0.526,0.994,81,1
video_001,1795,0.102,0.427,0.526,0.994,81,1
video_001,1796,0.102,0.427,0.526,0.994,81,1
video_001,1797,0.102,0.427,0.526,0.994,81,1
video_001,1798,0.102,0.427,0.526,0.994,81,1
video_001,1799,0.102,0.427,0.526,0.994,81,1
video_001,1800,0.102,0.427,0.526,0.994,81,1
video_001,1801,0.102,0.427,0.526,0.994,81,1
video_001,1802,0.516,0.537,1.0,0.999,81,5
video_001,1803,0.511,0.565,1.0,0.999,81,5
video_001,1804,0.506,0.592,1.0,0.999,81,5
video_001,1805,0.121,0.359,0.64,0.994,81,1
video_001,1806,0.121,0.359,0.606,0.994,81,1
video_001,1807,0.121,0.359,0.572,0.994,81,1
video_001,1808,0.121,0.359,0.568,0.994,81,1
video_001,1809,0.121,0.359,0.572,0.994,81,1
video_001,1810,0.121,0.359,0.576,0.994,81,1
video_001,1811,0.121,0.359,0.58,0.994,81,1
video_001,1812,0.121,0.359,0.584,0.994,81,1
video_001,1813,0.121,0.359,0.588,0.994,81,1
video_001,1814,0.121,0.359,0.592,0.994,81,1
video_001,1815,0.121,0.359,0.596,0.994,81,1
video_001,1816,0.121,0.359,0.6,0.994,81,1
video_001,1817,0.121,0.359,0.604,0.994,81,1
video_001,1818,0.121,0.359,0.608,0.994,81,1
video_001,1819,0.121,0.359,0.612,0.994,81,1
video_001,1820,0.119,0.359,0.612,0.994,81,1
video_001,1821,0.117,0.359,0.61,0.994,81,1
video_001,1822,0.116,0.359,0.608,0.994,81,1
video_001,1823,0.114,0.359,0.606,0.993,81,1
video_001,1824,0.112,0.358,0.604,0.993,81,1
video_001,1825,0.11,0.358,0.603,0.993,81,1
video_001,1826,0.109,0.358,0.601,0.993,81,1
video_001,1827,0.107,0.358,0.599,0.993,81,1
video_001,1828,0.105,0.358,0.597,0.992,81,1
video_001,1829,0.103,0.358,0.596,0.992,81,1
video_001,1830,0.101,0.357,0.594,0.992,81,1
video_001,1831,0.1,0.357,0.592,0.992,81,1
video_001,1832,0.098,0.357,0.59,0.992,81,1
video_001,1833,0.096,0.357,0.588,0.992,81,1
video_001,1834,0.094,0.357,0.587,0.991,81,1
video_001,1835,0.093,0.356,0.585,0.991,81,1
video_001,1836,0.091,0.356,0.583,0.991,81,1
video_001,1837,0.089,0.356,0.581,0.991,81,1
video_001,1838,0.087,0.356,0.58,0.991,81,1
video_001,1839,0.086,0.356,0.578,0.99,81,1
video_001,1840,0.084,0.355,0.576,0.99,81,1
video_001,1841,0.082,0.355,0.574,0.99,81,1
video_001,1842,0.08,0.355,0.573,0.99,81,1
video_001,1843,0.078,0.355,0.571,0.99,81,1
video_001,1844,0.077,0.355,0.569,0.989,81,1
video_001,1845,0.075,0.354,0.567,0.989,81,1
video_001,1846,0.073,0.354,0.565,0.989,81,1
video_001,1847,0.071,0.354,0.564,0.989,81,1
video_001,1848,0.07,0.354,0.562,0.989,81,1
video_001,1849,0.068,0.354,0.56,0.988,81,1
video_001,1850,0.066,0.354,0.558,0.988,81,1
video_001,1851,0.064,0.353,0.557,0.988,81,1
video_001,1852,0.062,0.353,0.555,0.988,81,1
video_001,1853,0.061,0.353,0.553,0.988,81,1
video_001,1854,0.059,0.353,0.551,0.988,81,1
video_001,1855,0.057,0.353,0.549,0.987,81,1
video_001,1856,0.055,0.352,0.548,0.987,81,1
video_001,1857,0.054,0.352,0.546,0.987,81,1
video_001,1858,0.053,0.337,0.546,0.987,81,1
video_001,1859,0.053,0.318,0.546,0.987,81,1
video_001,1860,0.053,0.298,0.546,0.987,81,1
video_001,1861,0.053,0.279,0.546,0.987,81,1
video_001,1862,0.066,0.257,0.558,0.969,81,1
video_001,1863,0.082,0.235,0.574,0.946,81,1
video_001,1864,0.099,0.287,0.591,0.999,81,1
video_001,1865,0.098,0.269,0.591,0.981,81,1
video_001,1866,0.098,0.251,0.59,0.963,81,1
video_001,1867,0.097,0.234,0.59,0.945,81,1
video_001,1868,0.097,0.216,0.589,0.927,81,1
video_001,1869,0.096,0.198,0.589,0.91,81,1
video_001,1870,0.096,0.18,0.588,0.892,81,1
video_001,1871,0.092,0.099,0.585,0.81,81,1
video_001,1872,0.092,0.099,0.566,0.81,81,1
video_001,1873,0.092,0.099,0.547,0.81,81,1
video_001,1874,0.092,0.099,0.536,0.81,81,1
video_001,1875,0.092,0.099,0.536,0.81,81,1
video_001,1876,0.092,0.099,0.536,0.81,81,1
video_001,1877,0.092,0.099,0.536,0.81,81,1
video_001,1878,0.092,0.099,0.536,0.81,81,1
video_001,1879,0.092,0.099,0.536,0.81,81,1
video_001,1880,0.092,0.099,0.536,0.81,81,1
video_001,1881,0.092,0.099,0.536,0.81,81,1
video_001,1882,0.092,0.099,0.536,0.81,81,1
video_001,1883,0.092,0.099,0.536,0.81,81,1
video_001,1884,0.216,0.15,0.587,0.701,82,1
video_001,1885,0.218,0.171,0.588,0.721,82,1
video_001,1886,0.219,0.191,0.59,0.742,82,1
video_001,1887,0.221,0.212,0.591,0.762,82,1
video_001,1888,0.222,0.232,0.593,0.783,82,1
video_001,1889,0.078,0.285,0.628,0.967,81,1
video_001,1890,0.084,0.333,0.634,0.987,81,1
video_001,1891,0.088,0.358,0.638,0.997,81,1
video_001,1892,0.088,0.351,0.638,0.99,81,1
video_001,1893,0.088,0.344,0.638,0.983,81,1
video_001,1894,0.088,0.337,0.638,0.976,81,1
video_001,1895,0.089,0.33,0.639,0.969,81,1
video_001,1896,0.089,0.323,0.639,0.962,81,1
video_001,1897,0.089,0.315,0.639,0.955,81,1
video_001,1898,0.089,0.308,0.639,0.948,81,1
video_001,1899,0.089,0.301,0.639,0.94,81,1
video_001,1900,0.089,0.278,0.639,0.931,81,1
video_001,1901,0.091,0.25,0.641,0.946,81,1
video_001,1902,0.093,0.295,0.643,0.991,81,1
video_001,1903,0.092,0.265,0.642,0.96,81,1
video_001,1904,0.091,0.234,0.641,0.93,81,1
video_001,1905,0.09,0.136,0.64,0.832,81,1
video_001,1906,0.09,0.136,0.599,0.832,81,1
video_001,1907,0.09,0.136,0.557,0.832,81,1
video_001,1908,0.09,0.136,0.549,0.794,81,1
video_001,1909,0.09,0.136,0.549,0.748,81,1
video_001,1910,0.09,0.136,0.549,0.701,81,1
video_001,1911,0.09,0.136,0.549,0.691,81,1
video_001,1912,0.09,0.136,0.549,0.691,81,1
video_001,1913,0.09,0.136,0.549,0.691,81,1
video_001,1914,0.127,0.152,0.539,0.695,82,1
video_001,1915,0.127,0.144,0.539,0.692,82,1
video_001,1916,0.128,0.136,0.54,0.69,82,1
video_001,1917,0.128,0.128,0.54,0.687,82,1
video_001,1918,0.128,0.119,0.54,0.684,82,1
video_001,1919,0.128,0.112,0.54,0.682,82,1
video_001,1920,0.128,0.103,0.54,0.679,82,1
video_001,1921,0.128,0.097,0.54,0.677,82,1
video_001,1922,0.106,0.097,0.533,0.69,82,1
video_001,1923,0.106,0.097,0.533,0.69,82,1
video_001,1924,0.106,0.097,0.533,0.69,82,1
video_001,1925,0.106,0.097,0.533,0.69,82,1
video_001,1926,0.106,0.097,0.533,0.69,82,1
video_001,1927,0.106,0.097,0.533,0.69,82,1
video_001,1928,0.106,0.097,0.533,0.69,82,1
video_001,1929,0.106,0.097,0.533,0.69,82,1
video_001,1930,0.106,0.097,0.533,0.69,82,1
video_001,1931,0.106,0.097,0.533,0.69,82,1
video_001,1932,0.106,0.097,0.533,0.69,82,1
video_001,1933,0.106,0.097,0.533,0.69,82,1
video_001,1934,0.122,0.281,0.617,0.993,81,1
video_001,1935,0.122,0.304,0.617,0.993,81,1
video_001,1936,0.122,0.327,0.617,0.993,81,1
video_001,1937,0.122,0.349,0.617,0.993,81,1
video_001,1938,0.122,0.372,0.617,0.993,81,1
video_001,1939,0.122,0.395,0.617,0.993,81,1
video_001,1940,0.122,0.417,0.617,0.993,81,1
video_001,1941,0.121,0.411,0.617,0.986,81,1
video_001,1942,0.121,0.404,0.617,0.979,81,1
video_001,1943,0.121,0.312,0.616,0.975,81,1
video_001,1944,0.121,0.222,0.616,0.899,81,1
video_001,1945,0.121,0.222,0.602,0.899,81,1
video_001,1946,0.121,0.222,0.588,0.899,81,1
video_001,1947,0.121,0.222,0.574,0.899,81,1
video_001,1948,0.121,0.222,0.56,0.899,81,1
video_001,1949,0.121,0.222,0.546,0.899,81,1
video_001,1950,0.121,0.222,0.543,0.899,81,1
video_001,1951,0.121,0.222,0.548,0.899,81,1
video_001,1952,0.121,0.222,0.553,0.899,81,1
video_001,1953,0.129,0.236,0.566,0.912,81,1
video_001,1954,0.168,0.304,0.605,0.981,81,1
video_001,1955,0.168,0.25,0.605,0.927,81,1
video_001,1956,0.169,0.197,0.606,0.874,81,1
video_001,1957,0.173,0.145,0.61,0.822,81,1
video_001,1958,0.18,0.177,0.617,0.854,81,1
video_001,1959,0.105,0.346,0.603,0.955,81,1
video_001,1960,0.112,0.432,0.605,1.0,81,1
video_001,1961,0.112,0.447,0.592,1.0,81,1
video_001,1962,0.112,0.462,0.58,1.0,81,1
video_001,1963,0.112,0.477,0.568,1.0,81,1
video_001,1964,0.112,0.492,0.555,1.0,81,1
video_001,1965,0.112,0.493,0.546,1.0,81,1
video_001,1966,0.112,0.47,0.541,1.0,81,1
video_001,1967,0.112,0.448,0.536,1.0,81,1
video_001,1968,0.112,0.428,0.533,1.0,81,1
video_001,1969,0.112,0.409,0.533,1.0,81,1
video_001,1970,0.112,0.391,0.533,1.0,81,1
video_001,1971,0.121,0.326,0.541,0.93,81,1
video_001,1972,0.121,0.336,0.542,0.93,81,1
video_001,1973,0.121,0.346,0.542,0.93,81,1
video_001,1974,0.121,0.356,0.543,0.93,81,1
video_001,1975,0.121,0.366,0.543,0.93,81,1
video_001,1976,0.121,0.375,0.543,0.93,81,1
video_001,1977,0.121,0.385,0.544,0.93,81,1
video_001,1978,0.121,0.395,0.544,0.93,81,1
video_001,1979,0.121,0.405,0.545,0.93,81,1
video_001,1980,0.121,0.404,0.545,0.93,81,1
video_001,1981,0.121,0.4,0.545,0.93,81,1
video_001,1982,0.121,0.395,0.545,0.93,81,1
video_001,1983,0.121,0.391,0.545,0.93,81,1
video_001,1984,0.12,0.359,0.544,0.925,81,1
video_001,1985,0.118,0.287,0.542,0.913,81,1
video_001,1986,0.117,0.312,0.541,0.91,81,1
video_001,1987,0.117,0.346,0.541,0.91,81,1
video_001,1988,0.118,0.331,0.542,0.911,81,1
video_001,1989,0.121,0.339,0.545,0.913,81,1
video_001,1990,0.124,0.348,0.548,0.915,81,1
video_001,1991,0.127,0.356,0.551,0.917,81,1
video_001,1992,0.13,0.365,0.554,0.919,81,1
video_001,1993,0.133,0.374,0.557,0.921,81,1
video_001,1994,0.136,0.382,0.56,0.923,81,1
video_001,1995,0.139,0.391,0.563,0.925,81,1
video_001,1996,0.142,0.399,0.566,0.927,81,1
video_001,1997,0.144,0.408,0.568,0.929,81,1
video_001,1998,0.147,0.417,0.571,0.931,81,1
video_001,1999,0.15,0.425,0.574,0.934,81,1
video_001,2000,0.152,0.415,0.576,0.935,81,1
video_001,2001,0.152,0.389,0.576,0.94,81,1
video_001,2002,0.151,0.415,0.575,0.966,81,1
video_001,2003,0.151,0.41,0.575,0.971,81,1
video_001,2004,0.151,0.398,0.575,0.971,81,1
video_001,2005,0.151,0.301,0.575,0.971,81,1
video_001,2006,0.151,0.298,0.575,0.971,81,1
video_001,2007,0.151,0.326,0.575,0.971,81,1
video_001,2008,0.151,0.355,0.575,0.971,81,1
video_001,2009,0.151,0.383,0.575,0.971,81,1
video_001,2010,0.151,0.412,0.575,0.971,81,1
video_001,2011,0.151,0.409,0.575,0.971,81,1
video_001,2012,0.151,0.349,0.575,0.971,81,1
video_001,2013,0.151,0.344,0.575,0.971,81,1
video_001,2014,0.151,0.338,0.575,0.971,81,1
video_001,2015,0.151,0.332,0.575,0.971,81,1
video_001,2016,0.149,0.22,0.573,0.894,81,1
video_001,2017,0.148,0.218,0.572,0.892,81,1
video_001,2018,0.148,0.232,0.572,0.906,81,1
video_001,2019,0.148,0.246,0.572,0.92,81,1
video_001,2020,0.152,0.254,0.576,0.928,81,1
video_001,2021,0.158,0.259,0.582,0.933,81,1
video_001,2022,0.164,0.265,0.588,0.939,81,1
video_001,2023,0.17,0.27,0.594,0.944,81,1
video_001,2024,0.175,0.276,0.599,0.95,81,1
video_001,2025,0.181,0.281,0.605,0.955,81,1
video_001,2026,0.187,0.287,0.611,0.961,81,1
video_001,2027,0.216,0.35,0.64,0.991,81,1
video_001,2028,0.216,0.431,0.64,0.991,81,1
video_001,2029,0.17,0.456,0.594,0.992,81,1
video_001,2030,0.124,0.455,0.548,0.991,81,1
video_001,2031,0.125,0.448,0.549,0.985,81,1
video_001,2032,0.125,0.441,0.549,0.978,81,1
video_001,2033,0.126,0.435,0.55,0.971,81,1
video_001,2034,0.058,0.203,0.492,0.91,81,1
video_001,2035,0.086,0.277,0.521,0.955,81,1
video_001,2036,0.114,0.352,0.549,1.0,81,1
video_001,2037,0.024,0.35,0.533,0.998,81,1
video_001,2038,0.012,0.351,0.536,0.998,81,1
video_001,2039,0.02,0.353,0.544,0.998,81,1
video_001,2040,0.028,0.355,0.552,0.999,81,1
video_001,2041,0.036,0.358,0.56,0.999,81,1
video_001,2042,0.042,0.359,0.566,1.0,81,1
video_001,2043,0.043,0.358,0.567,0.999,81,1
video_001,2044,0.043,0.357,0.567,0.998,81,1
video_001,2045,0.044,0.356,0.568,0.997,81,1
video_001,2046,0.044,0.355,0.568,0.995,81,1
video_001,2047,0.045,0.354,0.569,0.994,81,1
video_001,2048,0.045,0.353,0.569,0.993,81,1
video_001,2049,0.046,0.352,0.57,0.992,81,1
video_001,2050,0.046,0.35,0.57,0.991,81,1
video_001,2051,0.047,0.349,0.571,0.99,81,1
video_001,2052,0.047,0.348,0.571,0.989,81,1
video_001,2053,0.048,0.347,0.572,0.988,81,1
video_001,2054,0.048,0.346,0.572,0.987,81,1
video_001,2055,0.049,0.345,0.573,0.986,81,1
video_001,2056,0.049,0.344,0.573,0.985,81,1
video_001,2057,0.05,0.343,0.574,0.983,81,1
video_001,2058,0.05,0.304,0.574,0.945,81,1
video_001,2059,0.014,0.193,0.538,0.833,81,1
video_001,2060,0.011,0.183,0.535,0.824,81,1
video_001,2061,0.011,0.183,0.535,0.824,81,1
video_001,2062,0.01,0.184,0.534,0.825,81,1
video_001,2063,0.01,0.185,0.534,0.825,81,1
video_001,2064,0.009,0.185,0.533,0.826,81,1
video_001,2065,0.009,0.186,0.533,0.826,81,1
video_001,2066,0.008,0.186,0.532,0.827,81,1
video_001,2067,0.008,0.187,0.532,0.827,81,1
video_001,2068,0.008,0.246,0.532,0.887,81,1
video_001,2069,0.022,0.285,0.546,0.925,81,1
video_001,2070,0.051,0.276,0.575,0.916,81,1
video_001,2071,0.076,0.306,0.6,0.949,81,1
video_001,2072,0.076,0.306,0.601,0.964,81,1
video_001,2073,0.076,0.306,0.602,0.978,81,1
video_001,2074,0.076,0.315,0.602,0.987,81,1
video_001,2075,0.076,0.338,0.602,0.987,81,1
video_001,2076,0.076,0.36,0.602,0.987,81,1
video_001,2077,0.076,0.383,0.602,0.987,81,1
video_001,2078,0.076,0.396,0.602,0.987,81,1
video_001,2079,0.076,0.394,0.602,0.987,81,1
video_001,2080,0.076,0.392,0.602,0.987,81,1
video_001,2081,0.076,0.391,0.602,0.987,81,1
video_001,2082,0.076,0.389,0.602,0.987,81,1
video_001,2083,0.076,0.387,0.602,0.987,81,1
video_001,2084,0.076,0.385,0.602,0.987,81,1
video_001,2085,0.076,0.383,0.602,0.987,81,1
video_001,2086,0.076,0.381,0.602,0.987,81,1
video_001,2087,0.076,0.379,0.602,0.987,81,1
video_001,2088,0.076,0.378,0.602,0.987,81,1
video_001,2089,0.076,0.376,0.602,0.987,81,1
video_001,2090,0.076,0.374,0.602,0.987,81,1
video_001,2091,0.077,0.37,0.603,0.984,81,1
video_001,2092,0.078,0.367,0.604,0.98,81,1
video_001,2093,0.079,0.364,0.605,0.977,81,1
video_001,2094,0.08,0.361,0.606,0.974,81,1
video_001,2095,0.08,0.357,0.607,0.97,81,1
video_001,2096,0.081,0.354,0.607,0.967,81,1
video_001,2097,0.082,0.351,0.608,0.964,81,1
video_001,2098,0.083,0.347,0.609,0.961,81,1
video_001,2099,0.084,0.344,0.61,0.957,81,1
video_001,2100,0.085,0.341,0.611,0.954,81,1
video_001,2101,0.086,0.337,0.612,0.951,81,1
video_001,2102,0.087,0.334,0.613,0.947,81,1
video_001,2103,0.087,0.331,0.614,0.944,81,1
video_001,2104,0.118,0.314,0.644,0.928,81,1
video_001,2105,0.151,0.286,0.677,0.899,81,1
video_001,2106,0.125,0.27,0.651,0.883,81,1
video_001,2107,0.109,0.254,0.635,0.874,81,1
video_001,2108,0.109,0.238,0.635,0.874,81,1
video_001,2109,0.109,0.222,0.635,0.874,81,1
video_001,2110,0.109,0.206,0.635,0.874,81,1
video_001,2111,0.109,0.203,0.634,0.874,81,1
video_001,2112,0.109,0.256,0.628,0.874,81,1
video_001,2113,0.109,0.275,0.625,0.874,81,1
video_001,2114,0.107,0.246,0.624,0.872,81,1
video_001,2115,0.1,0.237,0.617,0.863,81,1
video_001,2116,0.093,0.227,0.61,0.854,81,1
video_001,2117,0.087,0.218,0.603,0.844,81,1
video_001,2118,0.08,0.209,0.596,0.835,81,1
video_001,2119,0.073,0.2,0.589,0.826,81,1
video_001,2120,0.066,0.19,0.582,0.817,81,1
video_001,2121,0.063,0.187,0.579,0.813,81,1
video_001,2122,0.063,0.187,0.579,0.813,81,1
video_001,2123,0.245,0.175,0.583,0.55,81,5
video_001,2124,0.188,0.125,0.537,0.486,81,5
video_001,2125,0.188,0.125,0.537,0.498,81,5
video_001,2126,0.169,0.126,0.513,0.468,81,5
video_001,2127,0.193,0.132,0.486,0.464,81,5
video_001,2128,0.185,0.172,0.541,0.497,82,5
video_001,2129,0.185,0.172,0.541,0.49,82,5
video_001,2130,0.185,0.172,0.541,0.484,82,5
video_001,2131,0.185,0.172,0.541,0.477,82,5
video_001,2132,0.185,0.172,0.541,0.471,82,5
video_001,2133,0.185,0.172,0.541,0.464,82,5
video_001,2134,0.185,0.172,0.541,0.457,82,5
video_001,2135,0.185,0.172,0.541,0.451,82,5
video_001,2136,0.185,0.172,0.541,0.444,82,5
video_001,2137,0.185,0.172,0.541,0.437,82,5
video_001,2138,0.185,0.172,0.541,0.431,82,5
video_001,2139,0.185,0.172,0.541,0.424,82,5
video_001,2140,0.185,0.172,0.541,0.417,82,5
video_001,2141,0.197,0.137,0.554,0.382,82,5
video_001,2142,0.2,0.13,0.556,0.375,82,5
video_001,2143,0.2,0.13,0.556,0.375,82,5
video_001,2144,0.235,0.186,0.548,0.538,81,5
video_001,2145,0.235,0.182,0.548,0.534,81,5
video_001,2146,0.235,0.178,0.548,0.53,81,5
video_001,2147,0.236,0.173,0.549,0.525,81,5
video_001,2148,0.236,0.169,0.549,0.521,81,5
video_001,2149,0.236,0.165,0.549,0.517,81,5
video_001,2150,0.237,0.16,0.55,0.513,81,5
video_001,2151,0.237,0.156,0.55,0.508,81,5
video_001,2152,0.237,0.152,0.55,0.504,81,5
video_001,2153,0.238,0.148,0.551,0.5,81,5
video_001,2154,0.238,0.143,0.551,0.495,81,5
video_001,2155,0.238,0.139,0.551,0.491,81,5
video_001,2156,0.239,0.135,0.552,0.487,81,5
video_001,2157,0.239,0.13,0.552,0.483,81,5
video_001,2158,0.239,0.126,0.552,0.478,81,5
video_001,2159,0.239,0.122,0.552,0.474,81,5
video_001,2160,0.24,0.118,0.553,0.47,81,5
video_001,2161,0.24,0.113,0.553,0.465,81,5
video_001,2162,0.235,0.022,0.548,0.371,81,5
video_001,2163,0.246,0.002,0.559,0.347,81,5
video_001,2164,0.262,0.004,0.575,0.349,81,5
video_001,2165,0.269,0.031,0.577,0.337,81,5
video_001,2166,0.227,0.128,0.529,0.413,81,5
video_001,2167,0.227,0.128,0.529,0.421,81,5
video_001,2168,0.227,0.128,0.529,0.428,81,5
video_001,2169,0.227,0.128,0.529,0.436,81,5
video_001,2170,0.227,0.128,0.529,0.443,81,5
video_001,2171,0.227,0.128,0.529,0.446,81,5
video_001,2172,0.227,0.128,0.529,0.43,81,5
video_001,2173,0.227,0.128,0.529,0.415,81,5
video_001,2174,0.227,0.128,0.529,0.399,81,5
video_001,2175,0.227,0.128,0.529,0.383,81,5
video_001,2176,0.227,0.128,0.529,0.367,81,5
video_001,2177,0.227,0.128,0.529,0.352,81,5
video_001,2178,0.227,0.128,0.529,0.336,81,5
video_001,2179,0.227,0.128,0.529,0.32,81,5
video_001,2180,0.227,0.128,0.529,0.304,81,5
video_001,2181,0.209,0.114,0.529,0.333,81,5
video_001,2182,0.192,0.1,0.529,0.361,81,5
video_001,2183,0.186,0.061,0.527,0.412,81,5
video_001,2184,0.183,0.063,0.524,0.414,81,5
video_001,2185,0.181,0.089,0.523,0.44,81,5
video_001,2186,0.18,0.11,0.522,0.459,81,5
video_001,2187,0.18,0.11,0.522,0.451,81,5
video_001,2188,0.18,0.11,0.522,0.442,81,5
video_001,2189,0.18,0.11,0.522,0.434,81,5
video_001,2190,0.18,0.11,0.522,0.426,81,5
video_001,2191,0.18,0.11,0.522,0.417,81,5
video_001,2192,0.18,0.11,0.522,0.409,81,5
video_001,2193,0.18,0.125,0.522,0.423,81,5
video_001,2194,0.18,0.132,0.522,0.435,81,5
video_001,2195,0.18,0.109,0.522,0.435,81,5
video_001,2196,0.18,0.087,0.522,0.435,81,5
video_001,2197,0.18,0.087,0.522,0.455,81,5
video_001,2198,0.179,0.082,0.521,0.462,81,5
video_001,2199,0.177,0.069,0.518,0.449,81,5
video_001,2200,0.177,0.053,0.519,0.433,81,5
video_001,2201,0.179,0.036,0.521,0.416,81,5
video_001,2202,0.179,0.036,0.521,0.381,81,5
video_001,2203,0.179,0.036,0.521,0.346,81,5
video_001,2204,0.179,0.036,0.521,0.311,81,5
video_001,2205,0.179,0.036,0.521,0.204,81,5
video_001,2206,0.179,0.036,0.521,0.213,81,5
video_001,2207,0.179,0.036,0.521,0.222,81,5
video_001,2208,0.179,0.036,0.521,0.231,81,5
video_001,2209,0.179,0.036,0.521,0.24,81,5
video_001,2210,0.179,0.036,0.521,0.26,81,5
video_001,2211,0.179,0.036,0.521,0.281,81,5
video_001,2212,0.179,0.035,0.52,0.297,81,5
video_001,2213,0.176,0.027,0.517,0.29,81,5
video_001,2214,0.095,0.154,0.437,0.416,81,5
video_001,2215,0.111,0.154,0.452,0.416,81,5
video_001,2216,0.126,0.154,0.467,0.416,81,5
video_001,2217,0.141,0.154,0.482,0.416,81,5
video_001,2218,0.163,0.153,0.504,0.416,81,5
video_001,2219,0.192,0.152,0.534,0.415,81,5
video_001,2220,0.192,0.152,0.534,0.415,81,5
video_001,2221,0.192,0.152,0.534,0.415,81,5
video_001,2222,0.192,0.152,0.534,0.415,81,5
video_001,2223,0.274,0.156,0.525,0.461,81,5
video_001,2224,0.254,0.143,0.505,0.449,81,5
video_001,2225,0.254,0.122,0.505,0.427,81,5
video_001,2226,0.252,0.144,0.503,0.452,81,5
video_001,2227,0.251,0.127,0.502,0.441,81,5
video_001,2228,0.249,0.109,0.5,0.431,81,5
video_001,2229,0.244,0.135,0.495,0.458,81,5
video_001,2230,0.24,0.156,0.491,0.48,81,5
video_001,2231,0.24,0.156,0.491,0.48,81,5
video_001,2232,0.24,0.156,0.491,0.48,81,5
video_001,2233,0.24,0.156,0.491,0.48,81,5
video_001,2234,0.24,0.156,0.491,0.48,81,5
video_001,2235,0.24,0.156,0.491,0.48,81,5
video_001,2236,0.24,0.156,0.491,0.48,81,5
video_001,2237,0.24,0.156,0.491,0.48,81,5
video_001,2238,0.24,0.156,0.491,0.48,81,5
video_001,2239,0.24,0.156,0.491,0.48,81,5
video_001,2240,0.24,0.156,0.491,0.48,81,5
video_001,2241,0.24,0.156,0.491,0.48,81,5
video_001,2242,0.24,0.156,0.491,0.48,81,5
video_001,2243,0.24,0.156,0.491,0.48,81,5
video_001,2244,0.24,0.156,0.491,0.48,81,5
video_001,2245,0.24,0.156,0.491,0.48,81,5
video_001,2246,0.24,0.156,0.491,0.48,81,5
video_001,2247,0.24,0.156,0.491,0.48,81,5
video_001,2248,0.24,0.156,0.491,0.48,81,5
video_001,2249,0.24,0.156,0.491,0.48,81,5
video_001,2250,0.24,0.156,0.491,0.48,81,5
video_001,2251,0.24,0.156,0.491,0.48,81,5
video_001,2252,0.24,0.156,0.491,0.48,81,5
video_001,2253,0.251,0.151,0.512,0.451,82,5
video_001,2254,0.237,0.167,0.499,0.467,82,5
video_001,2255,0.223,0.182,0.485,0.482,82,5
video_001,2256,0.21,0.198,0.472,0.498,82,5
video_001,2257,0.204,0.197,0.466,0.504,82,5
video_001,2258,0.204,0.184,0.466,0.504,82,5
video_001,2259,0.204,0.172,0.466,0.504,82,5
video_001,2260,0.204,0.159,0.466,0.504,82,5
video_001,2261,0.242,0.053,0.524,0.419,81,5
video_001,2262,0.242,0.052,0.524,0.417,81,5
video_001,2263,0.242,0.051,0.524,0.416,81,5
video_001,2264,0.242,0.05,0.523,0.415,81,5
video_001,2265,0.242,0.048,0.523,0.414,81,5
video_001,2266,0.242,0.047,0.523,0.412,81,5
video_001,2267,0.242,0.046,0.523,0.411,81,5
video_001,2268,0.241,0.045,0.523,0.41,81,5
video_001,2269,0.241,0.043,0.523,0.409,81,5
video_001,2270,0.241,0.042,0.523,0.407,81,5
video_001,2271,0.241,0.041,0.523,0.406,81,5
video_001,2272,0.241,0.04,0.522,0.405,81,5
video_001,2273,0.241,0.038,0.522,0.404,81,5
video_001,2274,0.241,0.037,0.522,0.402,81,5
video_001,2275,0.24,0.036,0.522,0.401,81,5
video_001,2276,0.24,0.035,0.522,0.4,81,5
video_001,2277,0.24,0.033,0.522,0.399,81,5
video_001,2278,0.24,0.033,0.522,0.399,81,5
video_001,2279,0.24,0.033,0.522,0.399,81,5
video_001,2280,0.24,0.033,0.522,0.399,81,5
video_001,2281,0.24,0.033,0.522,0.399,81,5
video_001,2282,0.24,0.033,0.522,0.399,81,5
video_001,2283,0.226,0.028,0.495,0.427,82,5
video_001,2284,0.231,0.029,0.5,0.429,82,5
video_001,2285,0.237,0.03,0.505,0.43,82,5
video_001,2286,0.242,0.031,0.511,0.431,82,5
video_001,2287,0.248,0.032,0.516,0.432,82,5
video_001,2288,0.247,0.041,0.515,0.441,82,5
video_001,2289,0.245,0.05,0.514,0.45,82,5
video_001,2290,0.244,0.06,0.512,0.46,82,5
video_001,2291,0.243,0.069,0.511,0.469,82,5
video_001,2292,0.243,0.067,0.511,0.467,82,5
video_001,2293,0.243,0.063,0.512,0.463,82,5
video_001,2294,0.244,0.058,0.512,0.458,82,5
video_001,2295,0.245,0.053,0.513,0.453,82,5
video_001,2296,0.245,0.049,0.514,0.449,82,5
video_001,2297,0.246,0.044,0.514,0.444,82,5
video_001,2298,0.246,0.039,0.515,0.439,82,5
video_001,2299,0.247,0.035,0.515,0.435,82,5
video_001,2300,0.247,0.03,0.516,0.43,82,5
video_001,2301,0.248,0.025,0.517,0.425,82,5
video_001,2302,0.249,0.021,0.517,0.421,82,5
video_001,2303,0.241,0.017,0.51,0.417,82,5
video_001,2304,0.228,0.013,0.497,0.413,82,5
video_001,2305,0.215,0.009,0.484,0.409,82,5
video_001,2306,0.202,0.006,0.471,0.406,82,5
video_001,2307,0.202,0.006,0.471,0.406,82,5
video_001,2308,0.202,0.006,0.471,0.406,82,5
video_001,2309,0.202,0.006,0.471,0.406,82,5
video_001,2310,0.202,0.006,0.471,0.406,82,5
video_001,2311,0.202,0.006,0.471,0.406,82,5
video_001,2312,0.015,0.37,0.612,1.0,81,1
video_001,2313,0.015,0.366,0.608,0.997,81,1
video_001,2314,0.014,0.363,0.605,0.994,81,1
video_001,2315,0.013,0.36,0.601,0.991,81,1
video_001,2316,0.013,0.357,0.597,0.988,81,1
video_001,2317,0.012,0.354,0.594,0.985,81,1
video_001,2318,0.011,0.351,0.59,0.982,81,1
video_001,2319,0.011,0.348,0.587,0.979,81,1
video_001,2320,0.01,0.345,0.583,0.976,81,1
video_001,2321,0.009,0.342,0.579,0.973,81,1
video_001,2322,0.009,0.339,0.576,0.969,81,1
video_001,2323,0.008,0.336,0.572,0.966,81,1
video_001,2324,0.007,0.333,0.568,0.963,81,1
video_001,2325,0.007,0.33,0.565,0.96,81,1
video_001,2326,0.006,0.327,0.561,0.957,81,1
video_001,2327,0.005,0.324,0.558,0.954,81,1
video_001,2328,0.005,0.321,0.554,0.951,81,1
video_001,2329,0.004,0.318,0.55,0.948,81,1
video_001,2330,0.003,0.315,0.547,0.945,81,1
video_001,2331,0.003,0.312,0.543,0.942,81,1
video_001,2332,0.002,0.309,0.539,0.939,81,1
video_001,2333,0.001,0.305,0.536,0.936,81,1
video_001,2334,0.001,0.302,0.532,0.933,81,1
video_001,2335,0.002,0.302,0.532,0.932,81,1
video_001,2336,0.014,0.31,0.543,0.94,81,1
video_001,2337,0.026,0.318,0.555,0.949,81,1
video_001,2338,0.037,0.327,0.567,0.957,81,1
video_001,2339,0.046,0.331,0.576,0.963,81,1
video_001,2340,0.043,0.322,0.576,0.959,81,1
video_001,2341,0.039,0.313,0.576,0.956,81,1
video_001,2342,0.036,0.304,0.576,0.952,81,1
video_001,2343,0.032,0.295,0.576,0.949,81,1
video_001,2344,0.029,0.286,0.577,0.945,81,1
video_001,2345,0.025,0.277,0.577,0.942,81,1
video_001,2346,0.022,0.268,0.577,0.938,81,1
video_001,2347,0.018,0.259,0.577,0.934,81,1
video_001,2348,0.015,0.25,0.577,0.931,81,1
video_001,2349,0.011,0.241,0.577,0.927,81,1
video_001,2350,0.008,0.232,0.577,0.924,81,1
video_001,2351,0.004,0.222,0.577,0.92,81,1
video_001,2352,0.001,0.213,0.577,0.917,81,1
video_001,2353,0.0,0.221,0.578,0.922,81,1
video_001,2354,0.001,0.232,0.578,0.93,81,1
video_001,2355,0.001,0.243,0.579,0.939,81,1
video_001,2356,0.002,0.254,0.579,0.947,81,1
video_001,2357,0.003,0.266,0.58,0.955,81,1
video_001,2358,0.003,0.277,0.58,0.963,81,1
video_001,2359,0.004,0.288,0.581,0.971,81,1
video_001,2360,0.004,0.3,0.581,0.979,81,1
video_001,2361,0.005,0.311,0.582,0.987,81,1
video_001,2362,0.005,0.322,0.582,0.995,81,1
video_001,2363,0.005,0.386,0.562,1.0,81,1
video_001,2364,0.007,0.469,0.533,0.996,81,1
video_001,2365,0.011,0.46,0.537,0.987,81,1
video_001,2366,0.015,0.451,0.541,0.978,81,1
video_001,2367,0.018,0.439,0.545,0.967,81,1
video_001,2368,0.018,0.419,0.545,0.946,81,1
video_001,2369,0.03,0.418,0.556,0.946,81,1
video_001,2370,0.045,0.423,0.571,0.95,81,1
video_001,2371,0.059,0.427,0.585,0.955,81,1
video_001,2372,0.074,0.431,0.6,0.959,81,1
video_001,2373,0.079,0.432,0.605,0.959,81,1
video_001,2374,0.077,0.429,0.603,0.957,81,1
video_001,2375,0.076,0.427,0.602,0.955,81,1
video_001,2376,0.074,0.425,0.601,0.952,81,1
video_001,2377,0.073,0.422,0.599,0.95,81,1
video_001,2378,0.072,0.42,0.598,0.948,81,1
video_001,2379,0.07,0.418,0.596,0.945,81,1
video_001,2380,0.069,0.415,0.595,0.943,81,1
video_001,2381,0.068,0.413,0.594,0.94,81,1
video_001,2382,0.066,0.41,0.592,0.938,81,1
video_001,2383,0.065,0.408,0.591,0.936,81,1
video_001,2384,0.063,0.406,0.59,0.933,81,1
video_001,2385,0.062,0.403,0.588,0.931,81,1
video_001,2386,0.061,0.401,0.587,0.928,81,1
video_001,2387,0.059,0.398,0.585,0.926,81,1
video_001,2388,0.058,0.396,0.584,0.924,81,1
video_001,2389,0.054,0.382,0.58,0.909,81,1
video_001,2390,0.049,0.364,0.575,0.892,81,1
video_001,2391,0.044,0.349,0.571,0.876,81,1
video_001,2392,0.039,0.34,0.565,0.867,81,1
video_001,2393,0.033,0.331,0.559,0.859,81,1
video_001,2394,0.027,0.322,0.553,0.85,81,1
video_001,2395,0.021,0.313,0.547,0.841,81,1
video_001,2396,0.006,0.27,0.532,0.798,81,1
video_001,2397,0.019,0.325,0.545,0.853,81,1
video_001,2398,0.027,0.361,0.553,0.889,81,1
video_001,2399,0.027,0.37,0.554,0.897,81,1
video_001,2400,0.028,0.378,0.554,0.906,81,1
video_001,2401,0.028,0.387,0.554,0.914,81,1
video_001,2402,0.028,0.395,0.554,0.923,81,1
video_001,2403,0.028,0.404,0.554,0.931,81,1
video_001,2404,0.029,0.412,0.555,0.94,81,1
video_001,2405,0.029,0.421,0.555,0.948,81,1
video_001,2406,0.029,0.429,0.555,0.957,81,1
video_001,2407,0.029,0.438,0.555,0.965,81,1
video_001,2408,0.029,0.446,0.555,0.974,81,1
video_001,2409,0.026,0.418,0.552,0.946,81,1
video_001,2410,0.018,0.461,0.544,0.989,81,1
video_001,2411,0.015,0.447,0.541,0.975,81,1
video_001,2412,0.011,0.434,0.537,0.961,81,1
video_001,2413,0.008,0.42,0.534,0.948,81,1
video_001,2414,0.005,0.407,0.531,0.934,81,1
video_001,2415,0.011,0.422,0.537,0.949,81,1
video_001,2416,0.022,0.453,0.548,0.977,81,1
video_001,2417,0.022,0.47,0.548,0.977,81,1
video_001,2418,0.022,0.487,0.548,0.977,81,1
video_001,2419,0.022,0.505,0.548,0.977,81,1
video_001,2420,0.022,0.522,0.548,0.977,81,1
video_001,2421,0.022,0.539,0.548,0.977,81,1
video_001,2422,0.022,0.557,0.548,0.977,81,1
video_001,2423,0.022,0.541,0.548,0.977,81,1
video_001,2424,0.022,0.502,0.548,0.977,81,1
video_001,2425,0.022,0.464,0.548,0.977,81,1
video_001,2426,0.022,0.418,0.548,0.938,81,1
video_001,2427,0.025,0.36,0.551,0.88,81,1
video_001,2428,0.042,0.326,0.569,0.846,81,1
video_001,2429,0.016,0.39,0.542,0.911,81,1
video_001,2430,0.012,0.357,0.536,0.878,81,1
video_001,2431,0.007,0.324,0.529,0.844,81,1
video_001,2432,0.003,0.291,0.522,0.811,81,1
video_001,2433,0.023,0.28,0.541,0.801,81,1
video_001,2434,0.08,0.304,0.598,0.824,81,1
video_001,2435,0.091,0.309,0.61,0.829,81,1
video_001,2436,0.212,0.126,0.534,0.549,81,5
video_001,2437,0.212,0.126,0.534,0.525,81,5
video_001,2438,0.212,0.126,0.534,0.506,81,5
video_001,2439,0.212,0.126,0.534,0.506,81,5
video_001,2440,0.212,0.126,0.534,0.506,81,5
video_001,2441,0.212,0.126,0.534,0.506,81,5
video_001,2442,0.212,0.126,0.534,0.506,81,5
video_001,2443,0.212,0.126,0.534,0.506,81,5
video_001,2444,0.212,0.126,0.534,0.506,81,5
video_001,2445,0.212,0.126,0.534,0.506,81,5
video_001,2446,0.212,0.126,0.534,0.506,81,5
video_001,2447,0.212,0.126,0.534,0.506,81,5
video_001,2448,0.149,0.187,0.533,0.557,82,5
video_001,2449,0.149,0.187,0.533,0.555,82,5
video_001,2450,0.15,0.187,0.533,0.553,82,5
video_001,2451,0.15,0.187,0.533,0.551,82,5
video_001,2452,0.15,0.187,0.533,0.549,82,5
video_001,2453,0.15,0.187,0.533,0.547,82,5
video_001,2454,0.151,0.187,0.533,0.545,82,5
video_001,2455,0.151,0.187,0.533,0.543,82,5
video_001,2456,0.151,0.187,0.533,0.541,82,5
video_001,2457,0.152,0.187,0.533,0.539,82,5
video_001,2458,0.152,0.187,0.533,0.537,82,5
video_001,2459,0.152,0.187,0.533,0.535,82,5
video_001,2460,0.152,0.187,0.533,0.533,82,5
video_001,2461,0.153,0.187,0.533,0.531,82,5
video_001,2462,0.153,0.187,0.533,0.529,82,5
video_001,2463,0.153,0.187,0.533,0.527,82,5
video_001,2464,0.154,0.187,0.533,0.525,82,5
video_001,2465,0.154,0.187,0.533,0.523,82,5
video_001,2466,0.154,0.187,0.533,0.521,82,5
video_001,2467,0.155,0.18,0.533,0.513,82,5
video_001,2468,0.156,0.168,0.535,0.501,82,5
video_001,2469,0.158,0.156,0.536,0.489,82,5
video_001,2470,0.159,0.144,0.537,0.478,82,5
video_001,2471,0.16,0.132,0.539,0.466,82,5
video_001,2472,0.162,0.121,0.54,0.454,82,5
video_001,2473,0.163,0.109,0.541,0.442,82,5
video_001,2474,0.146,0.165,0.524,0.498,82,5
video_001,2475,0.136,0.199,0.514,0.532,82,5
video_001,2476,0.136,0.199,0.514,0.532,82,5
video_001,2477,0.136,0.199,0.514,0.532,82,5
video_001,2478,0.136,0.199,0.514,0.532,82,5
video_001,2479,0.136,0.199,0.514,0.532,82,5
video_001,2480,0.136,0.199,0.514,0.532,82,5
video_001,2481,0.136,0.199,0.514,0.532,82,5
video_001,2482,0.136,0.199,0.514,0.532,82,5
video_001,2483,0.136,0.199,0.514,0.532,82,5
video_001,2484,0.136,0.199,0.514,0.532,82,5
video_001,2485,0.136,0.199,0.514,0.532,82,5
video_001,2486,0.136,0.199,0.514,0.532,82,5
video_001,2487,0.136,0.199,0.514,0.532,82,5
video_001,2488,0.136,0.199,0.514,0.532,82,5
video_001,2489,0.136,0.199,0.514,0.532,82,5
video_001,2490,0.136,0.199,0.514,0.532,82,5
video_001,2491,0.136,0.199,0.514,0.532,82,5
video_001,2492,0.136,0.199,0.514,0.532,82,5
video_001,2493,0.236,0.226,0.513,0.507,81,5
video_001,2494,0.23,0.235,0.508,0.516,81,5
video_001,2495,0.23,0.235,0.508,0.516,81,5
video_001,2496,0.23,0.235,0.508,0.516,81,5
video_001,2497,0.23,0.235,0.508,0.516,81,5
video_001,2498,0.23,0.235,0.508,0.516,81,5
video_001,2499,0.23,0.235,0.508,0.516,81,5
video_001,2500,0.23,0.235,0.508,0.516,81,5
video_001,2501,0.23,0.235,0.508,0.516,81,5
video_001,2502,0.23,0.235,0.508,0.516,81,5
video_001,2503,0.223,0.121,0.541,0.444,82,5
video_001,2504,0.223,0.119,0.541,0.442,82,5
video_001,2505,0.223,0.117,0.541,0.441,82,5
video_001,2506,0.223,0.116,0.541,0.439,82,5
video_001,2507,0.223,0.114,0.541,0.437,82,5
video_001,2508,0.222,0.113,0.541,0.436,82,5
video_001,2509,0.222,0.111,0.541,0.434,82,5
video_001,2510,0.222,0.109,0.541,0.432,82,5
video_001,2511,0.222,0.108,0.541,0.431,82,5
video_001,2512,0.222,0.106,0.541,0.429,82,5
video_001,2513,0.222,0.104,0.541,0.428,82,5
video_001,2514,0.222,0.103,0.541,0.426,82,5
video_001,2515,0.222,0.101,0.54,0.424,82,5
video_001,2516,0.222,0.099,0.54,0.423,82,5
video_001,2517,0.222,0.098,0.54,0.421,82,5
video_001,2518,0.222,0.096,0.54,0.419,82,5
video_001,2519,0.222,0.094,0.54,0.418,82,5
video_001,2520,0.204,0.02,0.523,0.343,82,5
video_001,2521,0.204,0.02,0.493,0.343,82,5
video_001,2522,0.204,0.02,0.463,0.343,82,5
video_001,2523,0.226,0.031,0.478,0.354,82,5
video_001,2524,0.252,0.043,0.505,0.367,82,5
video_001,2525,0.28,0.053,0.532,0.409,82,5
video_001,2526,0.275,0.09,0.527,0.51,82,5
video_001,2527,0.265,0.104,0.517,0.598,82,5
video_001,2528,0.265,0.104,0.513,0.596,82,5
video_001,2529,0.265,0.104,0.509,0.595,82,5
video_001,2530,0.265,0.104,0.505,0.593,82,5
video_001,2531,0.265,0.104,0.502,0.591,82,5
video_001,2532,0.265,0.104,0.498,0.589,82,5
video_001,2533,0.265,0.104,0.494,0.588,82,5
video_001,2534,0.265,0.104,0.491,0.586,82,5
video_001,2535,0.265,0.104,0.487,0.584,82,5
video_001,2536,0.265,0.104,0.483,0.582,82,5
video_001,2537,0.265,0.104,0.479,0.581,82,5
video_001,2538,0.269,0.035,0.481,0.491,82,5
video_001,2539,0.271,0.0,0.475,0.448,82,5
video_001,2540,0.271,0.0,0.466,0.449,82,5
video_001,2541,0.271,0.0,0.456,0.45,82,5
video_001,2542,0.271,0.0,0.439,0.33,82,5
video_001,2543,0.271,0.0,0.439,0.309,82,5
video_001,2544,0.283,0.001,0.451,0.305,82,5
video_001,2545,0.331,0.0,0.5,0.299,82,5
video_001,2546,0.331,0.0,0.5,0.299,82,5
video_001,2547,0.129,0.314,0.573,0.839,82,1
video_001,2548,0.127,0.302,0.572,0.827,82,1
video_001,2549,0.126,0.29,0.571,0.814,82,1
video_001,2550,0.125,0.278,0.569,0.802,82,1
video_001,2551,0.124,0.265,0.568,0.79,82,1
video_001,2552,0.133,0.293,0.578,0.817,82,1
video_001,2553,0.146,0.396,0.59,0.92,82,1
video_001,2554,0.102,0.501,0.601,0.996,81,1
video_001,2555,0.102,0.501,0.601,0.996,81,1
video_001,2556,0.102,0.501,0.601,0.996,81,1
video_001,2557,0.035,0.247,0.618,0.796,81,1
video_001,2558,0.049,0.197,0.637,0.771,81,1
video_001,2559,0.052,0.187,0.622,0.767,81,1
video_001,2560,0.052,0.187,0.599,0.767,81,1
video_001,2561,0.052,0.187,0.576,0.767,81,1
video_001,2562,0.052,0.187,0.553,0.767,81,1
video_001,2563,0.052,0.187,0.53,0.767,81,1
video_001,2564,0.038,0.186,0.506,0.765,81,1
video_001,2565,0.014,0.184,0.481,0.764,81,1
video_001,2566,0.004,0.18,0.471,0.76,81,1
video_001,2567,0.015,0.174,0.481,0.753,81,1
video_001,2568,0.025,0.167,0.492,0.747,81,1
video_001,2569,0.036,0.161,0.502,0.74,81,1
video_001,2570,0.047,0.154,0.513,0.734,81,1
video_001,2571,0.057,0.148,0.523,0.727,81,1
video_001,2572,0.068,0.141,0.534,0.721,81,1
video_001,2573,0.078,0.135,0.545,0.714,81,1
video_001,2574,0.089,0.096,0.555,0.676,81,1
video_001,2575,0.095,0.07,0.561,0.65,81,1
video_001,2576,0.093,0.074,0.559,0.654,81,1
video_001,2577,0.09,0.078,0.557,0.658,81,1
video_001,2578,0.088,0.082,0.555,0.662,81,1
video_001,2579,0.086,0.087,0.552,0.666,81,1
video_001,2580,0.084,0.091,0.55,0.671,81,1
video_001,2581,0.082,0.095,0.548,0.675,81,1
video_001,2582,0.08,0.099,0.546,0.679,81,1
video_001,2583,0.077,0.104,0.544,0.683,81,1
video_001,2584,0.075,0.108,0.541,0.688,81,1
video_001,2585,0.073,0.112,0.539,0.692,81,1
video_001,2586,0.071,0.116,0.537,0.696,81,1
video_001,2587,0.069,0.121,0.535,0.7,81,1
video_001,2588,0.068,0.122,0.534,0.702,81,1
video_001,2589,0.068,0.119,0.534,0.698,81,1
video_001,2590,0.069,0.116,0.535,0.695,81,1
video_001,2591,0.069,0.112,0.536,0.692,81,1
video_001,2592,0.07,0.109,0.536,0.689,81,1
video_001,2593,0.07,0.106,0.537,0.686,81,1
video_001,2594,0.071,0.103,0.537,0.683,81,1
video_001,2595,0.071,0.1,0.538,0.68,81,1
video_001,2596,0.072,0.097,0.538,0.676,81,1
video_001,2597,0.073,0.094,0.539,0.673,81,1
video_001,2598,0.073,0.09,0.539,0.67,81,1
video_001,2599,0.074,0.087,0.54,0.667,81,1
video_001,2600,0.074,0.084,0.541,0.664,81,1
video_001,2601,0.075,0.081,0.541,0.661,81,1
video_001,2602,0.091,0.102,0.557,0.682,81,1
video_001,2603,0.118,0.14,0.584,0.72,81,1
video_001,2604,0.14,0.196,0.606,0.79,81,1
video_001,2605,0.209,0.392,0.768,0.929,14,1
video_001,2606,0.184,0.143,0.743,0.732,14,1
video_001,2607,0.184,0.059,0.742,0.596,14,1
video_001,2608,0.175,0.0,0.704,0.511,14,1
video_001,2609,0.251,0.0,0.587,0.398,14,1
video_001,2610,0.326,0.0,0.587,0.313,14,1
video_001,2611,0.302,0.0,0.562,0.311,14,1
video_001,2612,0.277,0.0,0.538,0.309,14,1
video_001,2613,0.277,0.0,0.538,0.309,14,1
video_001,2614,0.277,0.0,0.538,0.309,14,1
video_001,2615,0.037,0.487,0.596,0.948,81,3
video_001,2616,0.037,0.487,0.596,0.948,81,3
video_001,2617,0.037,0.487,0.596,0.948,81,3
video_001,2618,0.037,0.487,0.596,0.948,81,3
video_001,2619,0.037,0.487,0.596,0.948,81,3
video_001,2620,0.037,0.487,0.596,0.948,81,3
video_001,2621,0.092,0.372,0.66,0.947,81,3
video_001,2622,0.092,0.37,0.66,0.945,81,3
video_001,2623,0.092,0.368,0.66,0.943,81,3
video_001,2624,0.092,0.366,0.66,0.941,81,3
video_001,2625,0.092,0.364,0.66,0.939,81,3
video_001,2626,0.092,0.362,0.66,0.937,81,3
video_001,2627,0.092,0.36,0.66,0.935,81,3
video_001,2628,0.092,0.358,0.66,0.933,81,3
video_001,2629,0.092,0.356,0.66,0.931,81,3
video_001,2630,0.092,0.354,0.66,0.929,81,3
video_001,2631,0.092,0.352,0.66,0.927,81,3
video_001,2632,0.092,0.35,0.66,0.925,81,3
video_001,2633,0.092,0.348,0.66,0.923,81,3
video_001,2634,0.092,0.346,0.66,0.921,81,3
video_001,2635,0.092,0.344,0.66,0.919,81,3
video_001,2636,0.092,0.341,0.66,0.917,81,3
video_001,2637,0.092,0.34,0.66,0.915,81,3
video_001,2638,0.088,0.249,0.656,0.825,81,3
video_001,2639,0.077,0.213,0.645,0.789,81,3
video_001,2640,0.074,0.225,0.641,0.8,81,3
video_001,2641,0.081,0.351,0.621,0.947,81,3
video_001,2642,0.08,0.351,0.62,0.947,81,3
video_001,2643,0.079,0.351,0.62,0.947,81,3
video_001,2644,0.079,0.352,0.619,0.947,81,3
video_001,2645,0.078,0.352,0.618,0.948,81,3
video_001,2646,0.077,0.352,0.617,0.948,81,3
video_001,2647,0.076,0.352,0.617,0.948,81,3
video_001,2648,0.076,0.353,0.616,0.948,81,3
video_001,2649,0.075,0.353,0.615,0.949,81,3
video_001,2650,0.074,0.353,0.614,0.949,81,3
video_001,2651,0.073,0.354,0.614,0.949,81,3
video_001,2652,0.073,0.354,0.613,0.949,81,3
video_001,2653,0.072,0.354,0.612,0.95,81,3
video_001,2654,0.071,0.354,0.611,0.95,81,3
video_001,2655,0.07,0.355,0.61,0.95,81,3
video_001,2656,0.069,0.355,0.61,0.951,81,3
video_001,2657,0.069,0.355,0.609,0.951,81,3
video_001,2658,0.068,0.355,0.608,0.951,81,3
video_001,2659,0.067,0.356,0.607,0.951,81,3
video_001,2660,0.066,0.356,0.607,0.952,81,3
video_001,2661,0.066,0.356,0.606,0.952,81,3
video_001,2662,0.065,0.357,0.605,0.952,81,3
video_001,2663,0.064,0.357,0.604,0.952,81,3
video_001,2664,0.063,0.357,0.604,0.953,81,3
video_001,2665,0.063,0.357,0.603,0.953,81,3
video_001,2666,0.067,0.296,0.608,0.891,81,3
video_001,2667,0.074,0.218,0.614,0.814,81,3
video_001,2668,0.075,0.17,0.607,0.765,81,3
video_001,2669,0.075,0.17,0.567,0.765,81,3
video_001,2670,0.075,0.17,0.528,0.765,81,3
video_001,2671,0.075,0.169,0.52,0.764,81,3
video_001,2672,0.075,0.168,0.52,0.764,81,3
video_001,2673,0.075,0.167,0.52,0.763,81,3
video_001,2674,0.075,0.166,0.52,0.762,81,3
video_001,2675,0.075,0.165,0.52,0.761,81,3
video_001,2676,0.075,0.164,0.52,0.76,81,3
video_001,2677,0.076,0.163,0.52,0.759,81,3
video_001,2678,0.076,0.162,0.52,0.758,81,3
video_001,2679,0.076,0.161,0.52,0.757,81,3
video_001,2680,0.076,0.16,0.52,0.756,81,3
video_001,2681,0.076,0.16,0.52,0.755,81,3
video_001,2682,0.076,0.159,0.521,0.754,81,3
video_001,2683,0.076,0.158,0.521,0.753,81,3
video_001,2684,0.076,0.157,0.521,0.752,81,3
video_001,2685,0.076,0.156,0.521,0.751,81,3
video_001,2686,0.076,0.155,0.521,0.751,81,3
video_001,2687,0.076,0.154,0.521,0.75,81,3
video_001,2688,0.077,0.153,0.521,0.749,81,3
video_001,2689,0.077,0.152,0.521,0.748,81,3
video_001,2690,0.077,0.151,0.521,0.747,81,3
video_001,2691,0.077,0.15,0.521,0.746,81,3
video_001,2692,0.077,0.149,0.521,0.745,81,3
video_001,2693,0.077,0.148,0.522,0.744,81,3
video_001,2694,0.077,0.147,0.522,0.743,81,3
video_001,2695,0.077,0.147,0.522,0.742,81,3
video_001,2696,0.077,0.143,0.522,0.739,81,3
video_001,2697,0.078,0.14,0.522,0.736,81,3
video_001,2698,0.078,0.136,0.523,0.732,81,3
video_001,2699,0.079,0.133,0.523,0.729,81,3
video_001,2700,0.079,0.129,0.524,0.725,81,3
video_001,2701,0.08,0.126,0.524,0.721,81,3
video_001,2702,0.08,0.122,0.525,0.718,81,3
video_001,2703,0.081,0.119,0.525,0.714,81,3
video_001,2704,0.081,0.115,0.526,0.711,81,3
video_001,2705,0.081,0.112,0.526,0.707,81,3
video_001,2706,0.082,0.108,0.526,0.704,81,3
video_001,2707,0.082,0.104,0.527,0.7,81,3
video_001,2708,0.083,0.101,0.527,0.697,81,3
video_001,2709,0.083,0.097,0.528,0.693,81,3
video_001,2710,0.084,0.094,0.528,0.689,81,3
video_001,2711,0.084,0.09,0.529,0.686,81,3
video_001,2712,0.084,0.087,0.529,0.682,81,3
video_001,2713,0.085,0.083,0.529,0.679,81,3
video_001,2714,0.085,0.08,0.53,0.675,81,3
video_001,2715,0.086,0.076,0.53,0.672,81,3
video_001,2716,0.086,0.073,0.53,0.669,81,3
video_001,2717,0.086,0.071,0.531,0.666,81,3
video_001,2718,0.086,0.068,0.531,0.664,81,3
video_001,2719,0.086,0.065,0.531,0.661,81,3
video_001,2720,0.086,0.063,0.531,0.659,81,3
video_001,2721,0.086,0.06,0.531,0.656,81,3
video_001,2722,0.086,0.058,0.531,0.653,81,3
video_001,2723,0.086,0.055,0.531,0.651,81,3
video_001,2724,0.087,0.053,0.531,0.648,81,3
video_001,2725,0.087,0.05,0.531,0.646,81,3
video_001,2726,0.087,0.047,0.531,0.643,81,3
video_001,2727,0.087,0.045,0.531,0.64,81,3
video_001,2728,0.087,0.042,0.531,0.638,81,3
video_001,2729,0.087,0.04,0.531,0.635,81,3
video_001,2730,0.088,0.034,0.529,0.609,81,3
video_001,2731,0.089,0.028,0.525,0.577,81,3
video_001,2732,0.09,0.021,0.522,0.544,81,3
video_001,2733,0.091,0.015,0.518,0.512,81,3
video_001,2734,0.092,0.009,0.515,0.48,81,3
video_001,2735,0.093,0.003,0.511,0.448,81,3
video_001,2736,0.094,0.002,0.51,0.437,81,3
video_001,2737,0.094,0.005,0.51,0.44,81,3
video_001,2738,0.094,0.009,0.511,0.444,81,3
video_001,2739,0.095,0.012,0.511,0.447,81,3
video_001,2740,0.095,0.016,0.511,0.45,81,3
video_001,2741,0.095,0.019,0.512,0.454,81,3
video_001,2742,0.1,0.041,0.512,0.489,81,3
video_001,2743,0.102,0.067,0.504,0.597,81,3
video_001,2744,0.14,0.123,0.542,0.744,81,3
video_001,2745,0.214,0.347,0.59,0.936,81,3
video_001,2746,0.206,0.608,0.609,0.983,81,3
video_001,2747,0.239,0.266,0.646,0.944,14,3
video_001,2748,0.241,0.143,0.649,0.812,14,3
video_001,2749,0.243,0.043,0.651,0.601,14,3
video_001,2750,0.24,0.01,0.615,0.51,14,3
video_001,2751,0.24,0.005,0.566,0.446,14,3
video_001,2752,0.239,0.0,0.565,0.417,14,3
video_001,2753,0.239,0.0,0.565,0.417,14,3
video_001,2754,0.251,0.0,0.53,0.431,81,3
video_001,2755,0.252,0.0,0.531,0.44,81,3
video_001,2756,0.253,0.0,0.532,0.449,81,3
video_001,2757,0.254,0.0,0.534,0.458,81,3
video_001,2758,0.256,0.0,0.535,0.466,81,3
video_001,2759,0.257,0.0,0.536,0.475,81,3
video_001,2760,0.258,0.002,0.538,0.484,81,3
video_001,2761,0.26,0.012,0.539,0.493,81,3
video_001,2762,0.268,0.003,0.549,0.429,82,3
video_001,2763,0.269,0.003,0.55,0.436,82,3
video_001,2764,0.27,0.002,0.55,0.442,82,3
video_001,2765,0.27,0.002,0.551,0.449,82,3
video_001,2766,0.271,0.002,0.552,0.455,82,3
video_001,2767,0.272,0.002,0.552,0.462,82,3
video_001,2768,0.273,0.002,0.553,0.468,82,3
video_001,2769,0.142,0.234,0.561,0.843,81,3
video_001,2770,0.154,0.262,0.572,0.871,81,3
video_001,2771,0.163,0.284,0.581,0.906,81,3
video_001,2772,0.163,0.304,0.581,0.945,81,3
video_001,2773,0.163,0.356,0.581,0.945,81,3
video_001,2774,0.163,0.407,0.581,0.945,81,3
video_001,2775,0.293,0.392,1.0,1.0,81,5
video_001,2776,0.293,0.392,1.0,1.0,81,5
video_001,2777,0.293,0.392,1.0,1.0,81,5
